<?xml version="1.0" encoding="UTF-8"?><SnpsTableParam><Object class="com.sunopsis.graphical.explorer.config.SnpsTableParam">
		<Field name="ObjectName" type="java.lang.String"><![CDATA[com.sunopsis.graphical.gbo.DwgGBObjectVarSess]]></Field>
	<Field name="ColId" type="java.lang.String"><![CDATA[VAR_NAME]]></Field>
	<Field name="ColName" type="java.lang.String"><![CDATA[Nom de variable]]></Field>
	<Field name="Visible" type="boolean"><![CDATA[true]]></Field>
	<Field name="Position" type="int"><![CDATA[1]]></Field>
	<Field name="Width" type="int"><![CDATA[0]]></Field>
	<Field name="SortAscending" type="boolean"><![CDATA[true]]></Field>
	<Field name="SortColumn" type="int"><![CDATA[0]]></Field>
</Object>
<Object class="com.sunopsis.graphical.explorer.config.SnpsTableParam">
		<Field name="ObjectName" type="java.lang.String"><![CDATA[com.sunopsis.graphical.gbo.DwgGBObjectVarScen]]></Field>
	<Field name="ColId" type="java.lang.String"><![CDATA[SCEN_NO]]></Field>
	<Field name="ColName" type="java.lang.String"><![CDATA[Id Scénario]]></Field>
	<Field name="Visible" type="boolean"><![CDATA[false]]></Field>
	<Field name="Position" type="int"><![CDATA[-1]]></Field>
	<Field name="Width" type="int"><![CDATA[100]]></Field>
	<Field name="SortAscending" type="boolean"><![CDATA[true]]></Field>
	<Field name="SortColumn" type="int"><![CDATA[0]]></Field>
</Object>
<Object class="com.sunopsis.graphical.explorer.config.SnpsTableParam">
		<Field name="ObjectName" type="java.lang.String"><![CDATA[com.sunopsis.graphical.gbo.DwgGBObjectStepReport]]></Field>
	<Field name="ColId" type="java.lang.String"><![CDATA[STEP_BEG]]></Field>
	<Field name="ColName" type="java.lang.String"><![CDATA[Date de début]]></Field>
	<Field name="Visible" type="boolean"><![CDATA[true]]></Field>
	<Field name="Position" type="int"><![CDATA[2]]></Field>
	<Field name="Width" type="int"><![CDATA[130]]></Field>
	<Field name="SortAscending" type="boolean"><![CDATA[true]]></Field>
	<Field name="SortColumn" type="int"><![CDATA[0]]></Field>
</Object>
<Object class="com.sunopsis.graphical.explorer.config.SnpsTableParam">
		<Field name="ObjectName" type="java.lang.String"><![CDATA[com.sunopsis.graphical.gbo.DwgGBObjectStepReport]]></Field>
	<Field name="ColId" type="java.lang.String"><![CDATA[STEP_NAME]]></Field>
	<Field name="ColName" type="java.lang.String"><![CDATA[Nom de l'étape]]></Field>
	<Field name="Visible" type="boolean"><![CDATA[true]]></Field>
	<Field name="Position" type="int"><![CDATA[1]]></Field>
	<Field name="Width" type="int"><![CDATA[150]]></Field>
	<Field name="SortAscending" type="boolean"><![CDATA[true]]></Field>
	<Field name="SortColumn" type="int"><![CDATA[0]]></Field>
</Object>
<Object class="com.sunopsis.graphical.explorer.config.SnpsTableParam">
		<Field name="ObjectName" type="java.lang.String"><![CDATA[com.sunopsis.graphical.gbo.DwgGBObjectSessionByAgent]]></Field>
	<Field name="ColId" type="java.lang.String"><![CDATA[AGENT_NAME]]></Field>
	<Field name="ColName" type="java.lang.String"><![CDATA[Nom de l'agent]]></Field>
	<Field name="Visible" type="boolean"><![CDATA[true]]></Field>
	<Field name="Position" type="int"><![CDATA[1]]></Field>
	<Field name="Width" type="int"><![CDATA[222]]></Field>
	<Field name="SortAscending" type="boolean"><![CDATA[true]]></Field>
	<Field name="SortColumn" type="int"><![CDATA[0]]></Field>
</Object>
<Object class="com.sunopsis.graphical.explorer.config.SnpsTableParam">
		<Field name="ObjectName" type="java.lang.String"><![CDATA[com.sunopsis.graphical.gbo.DwgGBObjectVarSess]]></Field>
	<Field name="ColId" type="java.lang.String"><![CDATA[DEF_V]]></Field>
	<Field name="ColName" type="java.lang.String"><![CDATA[Default chaine]]></Field>
	<Field name="Visible" type="boolean"><![CDATA[false]]></Field>
	<Field name="Position" type="int"><![CDATA[-1]]></Field>
	<Field name="Width" type="int"><![CDATA[100]]></Field>
	<Field name="SortAscending" type="boolean"><![CDATA[true]]></Field>
	<Field name="SortColumn" type="int"><![CDATA[0]]></Field>
</Object>
<Object class="com.sunopsis.graphical.explorer.config.SnpsTableParam">
		<Field name="ObjectName" type="java.lang.String"><![CDATA[com.sunopsis.graphical.gbo.DwgGBObjectVarSess]]></Field>
	<Field name="ColId" type="java.lang.String"><![CDATA[SESS_NO]]></Field>
	<Field name="ColName" type="java.lang.String"><![CDATA[Id Session]]></Field>
	<Field name="Visible" type="boolean"><![CDATA[false]]></Field>
	<Field name="Position" type="int"><![CDATA[-1]]></Field>
	<Field name="Width" type="int"><![CDATA[100]]></Field>
	<Field name="SortAscending" type="boolean"><![CDATA[true]]></Field>
	<Field name="SortColumn" type="int"><![CDATA[0]]></Field>
</Object>
<Object class="com.sunopsis.graphical.explorer.config.SnpsTableParam">
		<Field name="ObjectName" type="java.lang.String"><![CDATA[com.sunopsis.graphical.gbo.DwgGBObjectScenReport]]></Field>
	<Field name="ColId" type="java.lang.String"><![CDATA[CONTEXT_CODE]]></Field>
	<Field name="ColName" type="java.lang.String"><![CDATA[Context]]></Field>
	<Field name="Visible" type="boolean"><![CDATA[true]]></Field>
	<Field name="Position" type="int"><![CDATA[4]]></Field>
	<Field name="Width" type="int"><![CDATA[100]]></Field>
	<Field name="SortAscending" type="boolean"><![CDATA[true]]></Field>
	<Field name="SortColumn" type="int"><![CDATA[0]]></Field>
</Object>
<Object class="com.sunopsis.graphical.explorer.config.SnpsTableParam">
		<Field name="ObjectName" type="java.lang.String"><![CDATA[com.sunopsis.graphical.gbo.DwgGBObjectPlanAgent]]></Field>
	<Field name="ColId" type="java.lang.String"><![CDATA[SCEN_VERSION]]></Field>
	<Field name="ColName" type="java.lang.String"><![CDATA[Version scénario ]]></Field>
	<Field name="Visible" type="boolean"><![CDATA[true]]></Field>
	<Field name="Position" type="int"><![CDATA[3]]></Field>
	<Field name="Width" type="int"><![CDATA[150]]></Field>
	<Field name="SortAscending" type="boolean"><![CDATA[true]]></Field>
	<Field name="SortColumn" type="int"><![CDATA[0]]></Field>
</Object>
<Object class="com.sunopsis.graphical.explorer.config.SnpsTableParam">
		<Field name="ObjectName" type="java.lang.String"><![CDATA[com.sunopsis.graphical.gbo.DwgGBObjectSession]]></Field>
	<Field name="ColId" type="java.lang.String"><![CDATA[SESS_END]]></Field>
	<Field name="ColName" type="java.lang.String"><![CDATA[Date de fin]]></Field>
	<Field name="Visible" type="boolean"><![CDATA[true]]></Field>
	<Field name="Position" type="int"><![CDATA[6]]></Field>
	<Field name="Width" type="int"><![CDATA[100]]></Field>
	<Field name="SortAscending" type="boolean"><![CDATA[true]]></Field>
	<Field name="SortColumn" type="int"><![CDATA[1]]></Field>
</Object>
<Object class="com.sunopsis.graphical.explorer.config.SnpsTableParam">
		<Field name="ObjectName" type="java.lang.String"><![CDATA[com.sunopsis.graphical.gbo.DwgGBObjectStepReport]]></Field>
	<Field name="ColId" type="java.lang.String"><![CDATA[NB_DEL]]></Field>
	<Field name="ColName" type="java.lang.String"><![CDATA[Nb Del]]></Field>
	<Field name="Visible" type="boolean"><![CDATA[true]]></Field>
	<Field name="Position" type="int"><![CDATA[5]]></Field>
	<Field name="Width" type="int"><![CDATA[100]]></Field>
	<Field name="SortAscending" type="boolean"><![CDATA[true]]></Field>
	<Field name="SortColumn" type="int"><![CDATA[0]]></Field>
</Object>
<Object class="com.sunopsis.graphical.explorer.config.SnpsTableParam">
		<Field name="ObjectName" type="java.lang.String"><![CDATA[com.sunopsis.graphical.gbo.DwgGBObjectVarScen]]></Field>
	<Field name="ColId" type="java.lang.String"><![CDATA[VAR_DATATYPE]]></Field>
	<Field name="ColName" type="java.lang.String"><![CDATA[Type de données]]></Field>
	<Field name="Visible" type="boolean"><![CDATA[true]]></Field>
	<Field name="Position" type="int"><![CDATA[2]]></Field>
	<Field name="Width" type="int"><![CDATA[100]]></Field>
	<Field name="SortAscending" type="boolean"><![CDATA[true]]></Field>
	<Field name="SortColumn" type="int"><![CDATA[0]]></Field>
</Object>
<Object class="com.sunopsis.graphical.explorer.config.SnpsTableParam">
		<Field name="ObjectName" type="java.lang.String"><![CDATA[com.sunopsis.graphical.gbo.DwgGBObjectPlanAgent]]></Field>
	<Field name="ColId" type="java.lang.String"><![CDATA[LAGENT_NAME]]></Field>
	<Field name="ColName" type="java.lang.String"><![CDATA[Agent Logique]]></Field>
	<Field name="Visible" type="boolean"><![CDATA[true]]></Field>
	<Field name="Position" type="int"><![CDATA[1]]></Field>
	<Field name="Width" type="int"><![CDATA[150]]></Field>
	<Field name="SortAscending" type="boolean"><![CDATA[true]]></Field>
	<Field name="SortColumn" type="int"><![CDATA[0]]></Field>
</Object>
<Object class="com.sunopsis.graphical.explorer.config.SnpsTableParam">
		<Field name="ObjectName" type="java.lang.String"><![CDATA[com.sunopsis.graphical.gbo.DwgGBObjectSessTaskLog]]></Field>
	<Field name="ColId" type="java.lang.String"><![CDATA[NB_DEL]]></Field>
	<Field name="ColName" type="java.lang.String"><![CDATA[Nb delete]]></Field>
	<Field name="Visible" type="boolean"><![CDATA[true]]></Field>
	<Field name="Position" type="int"><![CDATA[9]]></Field>
	<Field name="Width" type="int"><![CDATA[100]]></Field>
	<Field name="SortAscending" type="boolean"><![CDATA[true]]></Field>
	<Field name="SortColumn" type="int"><![CDATA[0]]></Field>
</Object>
<Object class="com.sunopsis.graphical.explorer.config.SnpsTableParam">
		<Field name="ObjectName" type="java.lang.String"><![CDATA[com.sunopsis.graphical.gbo.DwgGBObjectScenReport]]></Field>
	<Field name="ColId" type="java.lang.String"><![CDATA[NB_UPD]]></Field>
	<Field name="ColName" type="java.lang.String"><![CDATA[Nb Upd]]></Field>
	<Field name="Visible" type="boolean"><![CDATA[true]]></Field>
	<Field name="Position" type="int"><![CDATA[6]]></Field>
	<Field name="Width" type="int"><![CDATA[100]]></Field>
	<Field name="SortAscending" type="boolean"><![CDATA[true]]></Field>
	<Field name="SortColumn" type="int"><![CDATA[0]]></Field>
</Object>
<Object class="com.sunopsis.graphical.explorer.config.SnpsTableParam">
		<Field name="ObjectName" type="java.lang.String"><![CDATA[com.sunopsis.graphical.gbo.DwgGBObjectSessTaskLog]]></Field>
	<Field name="ColId" type="java.lang.String"><![CDATA[TASK_NAME3]]></Field>
	<Field name="ColName" type="java.lang.String"><![CDATA[Action]]></Field>
	<Field name="Visible" type="boolean"><![CDATA[true]]></Field>
	<Field name="Position" type="int"><![CDATA[4]]></Field>
	<Field name="Width" type="int"><![CDATA[100]]></Field>
	<Field name="SortAscending" type="boolean"><![CDATA[true]]></Field>
	<Field name="SortColumn" type="int"><![CDATA[0]]></Field>
</Object>
<Object class="com.sunopsis.graphical.explorer.config.SnpsTableParam">
		<Field name="ObjectName" type="java.lang.String"><![CDATA[com.sunopsis.graphical.gbo.DwgGBObjectStepReport]]></Field>
	<Field name="ColId" type="java.lang.String"><![CDATA[#TYPE#]]></Field>
	<Field name="ColName" type="java.lang.String"><![CDATA[Status]]></Field>
	<Field name="Visible" type="boolean"><![CDATA[true]]></Field>
	<Field name="Position" type="int"><![CDATA[0]]></Field>
	<Field name="Width" type="int"><![CDATA[80]]></Field>
	<Field name="SortAscending" type="boolean"><![CDATA[true]]></Field>
	<Field name="SortColumn" type="int"><![CDATA[0]]></Field>
</Object>
<Object class="com.sunopsis.graphical.explorer.config.SnpsTableParam">
		<Field name="ObjectName" type="java.lang.String"><![CDATA[com.sunopsis.graphical.gbo.DwgGBObjectScen]]></Field>
	<Field name="ColId" type="java.lang.String"><![CDATA[SCEN_VERSION]]></Field>
	<Field name="ColName" type="java.lang.String"><![CDATA[Version scénario]]></Field>
	<Field name="Visible" type="boolean"><![CDATA[true]]></Field>
	<Field name="Position" type="int"><![CDATA[2]]></Field>
	<Field name="Width" type="int"><![CDATA[150]]></Field>
	<Field name="SortAscending" type="boolean"><![CDATA[true]]></Field>
	<Field name="SortColumn" type="int"><![CDATA[0]]></Field>
</Object>
<Object class="com.sunopsis.graphical.explorer.config.SnpsTableParam">
		<Field name="ObjectName" type="java.lang.String"><![CDATA[com.sunopsis.graphical.gbo.DwgGBObjectSessFolder]]></Field>
	<Field name="ColId" type="java.lang.String"><![CDATA[KEYWORDS]]></Field>
	<Field name="ColName" type="java.lang.String"><![CDATA[Keywords]]></Field>
	<Field name="Visible" type="boolean"><![CDATA[true]]></Field>
	<Field name="Position" type="int"><![CDATA[2]]></Field>
	<Field name="Width" type="int"><![CDATA[100]]></Field>
	<Field name="SortAscending" type="boolean"><![CDATA[true]]></Field>
	<Field name="SortColumn" type="int"><![CDATA[0]]></Field>
</Object>
<Object class="com.sunopsis.graphical.explorer.config.SnpsTableParam">
		<Field name="ObjectName" type="java.lang.String"><![CDATA[com.sunopsis.graphical.gbo.DwgGBObjectScenReport]]></Field>
	<Field name="ColId" type="java.lang.String"><![CDATA[#TYPE#]]></Field>
	<Field name="ColName" type="java.lang.String"><![CDATA[Status]]></Field>
	<Field name="Visible" type="boolean"><![CDATA[true]]></Field>
	<Field name="Position" type="int"><![CDATA[0]]></Field>
	<Field name="Width" type="int"><![CDATA[80]]></Field>
	<Field name="SortAscending" type="boolean"><![CDATA[true]]></Field>
	<Field name="SortColumn" type="int"><![CDATA[0]]></Field>
</Object>
<Object class="com.sunopsis.graphical.explorer.config.SnpsTableParam">
		<Field name="ObjectName" type="java.lang.String"><![CDATA[com.sunopsis.graphical.gbo.DwgGBObjectScen]]></Field>
	<Field name="ColId" type="java.lang.String"><![CDATA[#TYPE#]]></Field>
	<Field name="ColName" type="java.lang.String"><![CDATA[Type]]></Field>
	<Field name="Visible" type="boolean"><![CDATA[true]]></Field>
	<Field name="Position" type="int"><![CDATA[0]]></Field>
	<Field name="Width" type="int"><![CDATA[70]]></Field>
	<Field name="SortAscending" type="boolean"><![CDATA[true]]></Field>
	<Field name="SortColumn" type="int"><![CDATA[0]]></Field>
</Object>
<Object class="com.sunopsis.graphical.explorer.config.SnpsTableParam">
		<Field name="ObjectName" type="java.lang.String"><![CDATA[com.sunopsis.graphical.gbo.DwgGBObjectSessionBySessName]]></Field>
	<Field name="ColId" type="java.lang.String"><![CDATA[#TYPE#]]></Field>
	<Field name="ColName" type="java.lang.String"><![CDATA[Type]]></Field>
	<Field name="Visible" type="boolean"><![CDATA[true]]></Field>
	<Field name="Position" type="int"><![CDATA[0]]></Field>
	<Field name="Width" type="int"><![CDATA[70]]></Field>
	<Field name="SortAscending" type="boolean"><![CDATA[true]]></Field>
	<Field name="SortColumn" type="int"><![CDATA[0]]></Field>
</Object>
<Object class="com.sunopsis.graphical.explorer.config.SnpsTableParam">
		<Field name="ObjectName" type="java.lang.String"><![CDATA[com.sunopsis.graphical.gbo.DwgGBObjectSessionBySessName]]></Field>
	<Field name="ColId" type="java.lang.String"><![CDATA[COUNT_SESS_NAME]]></Field>
	<Field name="ColName" type="java.lang.String"><![CDATA[Nombre de sessions]]></Field>
	<Field name="Visible" type="boolean"><![CDATA[true]]></Field>
	<Field name="Position" type="int"><![CDATA[2]]></Field>
	<Field name="Width" type="int"><![CDATA[200]]></Field>
	<Field name="SortAscending" type="boolean"><![CDATA[true]]></Field>
	<Field name="SortColumn" type="int"><![CDATA[0]]></Field>
</Object>
<Object class="com.sunopsis.graphical.explorer.config.SnpsTableParam">
		<Field name="ObjectName" type="java.lang.String"><![CDATA[com.sunopsis.graphical.gbo.DwgGBObjectStepLog]]></Field>
	<Field name="ColId" type="java.lang.String"><![CDATA[NB_ERR]]></Field>
	<Field name="ColName" type="java.lang.String"><![CDATA[Nb erreurs]]></Field>
	<Field name="Visible" type="boolean"><![CDATA[true]]></Field>
	<Field name="Position" type="int"><![CDATA[8]]></Field>
	<Field name="Width" type="int"><![CDATA[100]]></Field>
	<Field name="SortAscending" type="boolean"><![CDATA[true]]></Field>
	<Field name="SortColumn" type="int"><![CDATA[0]]></Field>
</Object>
<Object class="com.sunopsis.graphical.explorer.config.SnpsTableParam">
		<Field name="ObjectName" type="java.lang.String"><![CDATA[com.sunopsis.graphical.gbo.DwgGBObjectSessTaskLog]]></Field>
	<Field name="ColId" type="java.lang.String"><![CDATA[TASK_NAME2]]></Field>
	<Field name="ColName" type="java.lang.String"><![CDATA[Object]]></Field>
	<Field name="Visible" type="boolean"><![CDATA[true]]></Field>
	<Field name="Position" type="int"><![CDATA[3]]></Field>
	<Field name="Width" type="int"><![CDATA[100]]></Field>
	<Field name="SortAscending" type="boolean"><![CDATA[true]]></Field>
	<Field name="SortColumn" type="int"><![CDATA[0]]></Field>
</Object>
<Object class="com.sunopsis.graphical.explorer.config.SnpsTableParam">
		<Field name="ObjectName" type="java.lang.String"><![CDATA[com.sunopsis.graphical.gbo.DwgGBObjectSession]]></Field>
	<Field name="ColId" type="java.lang.String"><![CDATA[SESS_BEG]]></Field>
	<Field name="ColName" type="java.lang.String"><![CDATA[Date de début]]></Field>
	<Field name="Visible" type="boolean"><![CDATA[true]]></Field>
	<Field name="Position" type="int"><![CDATA[5]]></Field>
	<Field name="Width" type="int"><![CDATA[100]]></Field>
	<Field name="SortAscending" type="boolean"><![CDATA[true]]></Field>
	<Field name="SortColumn" type="int"><![CDATA[1]]></Field>
</Object>
<Object class="com.sunopsis.graphical.explorer.config.SnpsTableParam">
		<Field name="ObjectName" type="java.lang.String"><![CDATA[com.sunopsis.graphical.gbo.DwgGBObjectPlanAgent]]></Field>
	<Field name="ColId" type="java.lang.String"><![CDATA[#TYPE#]]></Field>
	<Field name="ColName" type="java.lang.String"><![CDATA[Etat]]></Field>
	<Field name="Visible" type="boolean"><![CDATA[true]]></Field>
	<Field name="Position" type="int"><![CDATA[0]]></Field>
	<Field name="Width" type="int"><![CDATA[70]]></Field>
	<Field name="SortAscending" type="boolean"><![CDATA[true]]></Field>
	<Field name="SortColumn" type="int"><![CDATA[0]]></Field>
</Object>
<Object class="com.sunopsis.graphical.explorer.config.SnpsTableParam">
		<Field name="ObjectName" type="java.lang.String"><![CDATA[com.sunopsis.graphical.gbo.DwgGBObjectSessTaskLog]]></Field>
	<Field name="ColId" type="java.lang.String"><![CDATA[SCEN_TASK_NO]]></Field>
	<Field name="ColName" type="java.lang.String"><![CDATA[Numéro de tache]]></Field>
	<Field name="Visible" type="boolean"><![CDATA[true]]></Field>
	<Field name="Position" type="int"><![CDATA[1]]></Field>
	<Field name="Width" type="int"><![CDATA[100]]></Field>
	<Field name="SortAscending" type="boolean"><![CDATA[true]]></Field>
	<Field name="SortColumn" type="int"><![CDATA[0]]></Field>
</Object>
<Object class="com.sunopsis.graphical.explorer.config.SnpsTableParam">
		<Field name="ObjectName" type="java.lang.String"><![CDATA[com.sunopsis.graphical.gbo.DwgGBObjectSession]]></Field>
	<Field name="ColId" type="java.lang.String"><![CDATA[USER_NAME]]></Field>
	<Field name="ColName" type="java.lang.String"><![CDATA[Utilisateur]]></Field>
	<Field name="Visible" type="boolean"><![CDATA[true]]></Field>
	<Field name="Position" type="int"><![CDATA[3]]></Field>
	<Field name="Width" type="int"><![CDATA[100]]></Field>
	<Field name="SortAscending" type="boolean"><![CDATA[true]]></Field>
	<Field name="SortColumn" type="int"><![CDATA[1]]></Field>
</Object>
<Object class="com.sunopsis.graphical.explorer.config.SnpsTableParam">
		<Field name="ObjectName" type="java.lang.String"><![CDATA[com.sunopsis.graphical.gbo.DwgGBObjectSessionByStatus]]></Field>
	<Field name="ColId" type="java.lang.String"><![CDATA[#TYPE#]]></Field>
	<Field name="ColName" type="java.lang.String"><![CDATA[Type]]></Field>
	<Field name="Visible" type="boolean"><![CDATA[true]]></Field>
	<Field name="Position" type="int"><![CDATA[0]]></Field>
	<Field name="Width" type="int"><![CDATA[70]]></Field>
	<Field name="SortAscending" type="boolean"><![CDATA[true]]></Field>
	<Field name="SortColumn" type="int"><![CDATA[0]]></Field>
</Object>
<Object class="com.sunopsis.graphical.explorer.config.SnpsTableParam">
		<Field name="ObjectName" type="java.lang.String"><![CDATA[com.sunopsis.graphical.gbo.DwgGBObjectScenReport]]></Field>
	<Field name="ColId" type="java.lang.String"><![CDATA[NB_ERR]]></Field>
	<Field name="ColName" type="java.lang.String"><![CDATA[Nb Err]]></Field>
	<Field name="Visible" type="boolean"><![CDATA[true]]></Field>
	<Field name="Position" type="int"><![CDATA[8]]></Field>
	<Field name="Width" type="int"><![CDATA[100]]></Field>
	<Field name="SortAscending" type="boolean"><![CDATA[true]]></Field>
	<Field name="SortColumn" type="int"><![CDATA[0]]></Field>
</Object>
<Object class="com.sunopsis.graphical.explorer.config.SnpsTableParam">
		<Field name="ObjectName" type="java.lang.String"><![CDATA[com.sunopsis.graphical.gbo.DwgGBObjectSessionByStatus]]></Field>
	<Field name="ColId" type="java.lang.String"><![CDATA[SESS_STATUS]]></Field>
	<Field name="ColName" type="java.lang.String"><![CDATA[Etat]]></Field>
	<Field name="Visible" type="boolean"><![CDATA[true]]></Field>
	<Field name="Position" type="int"><![CDATA[1]]></Field>
	<Field name="Width" type="int"><![CDATA[0]]></Field>
	<Field name="SortAscending" type="boolean"><![CDATA[true]]></Field>
	<Field name="SortColumn" type="int"><![CDATA[0]]></Field>
</Object>
<Object class="com.sunopsis.graphical.explorer.config.SnpsTableParam">
		<Field name="ObjectName" type="java.lang.String"><![CDATA[com.sunopsis.graphical.gbo.DwgGBObjectStepLog]]></Field>
	<Field name="ColId" type="java.lang.String"><![CDATA[#TYPE#]]></Field>
	<Field name="ColName" type="java.lang.String"><![CDATA[Status]]></Field>
	<Field name="Visible" type="boolean"><![CDATA[true]]></Field>
	<Field name="Position" type="int"><![CDATA[0]]></Field>
	<Field name="Width" type="int"><![CDATA[80]]></Field>
	<Field name="SortAscending" type="boolean"><![CDATA[true]]></Field>
	<Field name="SortColumn" type="int"><![CDATA[0]]></Field>
</Object>
<Object class="com.sunopsis.graphical.explorer.config.SnpsTableParam">
		<Field name="ObjectName" type="java.lang.String"><![CDATA[com.sunopsis.graphical.gbo.DwgGBObjectVarScen]]></Field>
	<Field name="ColId" type="java.lang.String"><![CDATA[DEF_V]]></Field>
	<Field name="ColName" type="java.lang.String"><![CDATA[Default chaine]]></Field>
	<Field name="Visible" type="boolean"><![CDATA[false]]></Field>
	<Field name="Position" type="int"><![CDATA[-1]]></Field>
	<Field name="Width" type="int"><![CDATA[100]]></Field>
	<Field name="SortAscending" type="boolean"><![CDATA[true]]></Field>
	<Field name="SortColumn" type="int"><![CDATA[0]]></Field>
</Object>
<Object class="com.sunopsis.graphical.explorer.config.SnpsTableParam">
		<Field name="ObjectName" type="java.lang.String"><![CDATA[com.sunopsis.graphical.gbo.DwgGBObjectStepReport]]></Field>
	<Field name="ColId" type="java.lang.String"><![CDATA[NB_UPD]]></Field>
	<Field name="ColName" type="java.lang.String"><![CDATA[Nb Upd]]></Field>
	<Field name="Visible" type="boolean"><![CDATA[true]]></Field>
	<Field name="Position" type="int"><![CDATA[4]]></Field>
	<Field name="Width" type="int"><![CDATA[100]]></Field>
	<Field name="SortAscending" type="boolean"><![CDATA[true]]></Field>
	<Field name="SortColumn" type="int"><![CDATA[0]]></Field>
</Object>
<Object class="com.sunopsis.graphical.explorer.config.SnpsTableParam">
		<Field name="ObjectName" type="java.lang.String"><![CDATA[com.sunopsis.graphical.gbo.DwgGBObjectPlanAgent]]></Field>
	<Field name="ColId" type="java.lang.String"><![CDATA[SCEN_NAME]]></Field>
	<Field name="ColName" type="java.lang.String"><![CDATA[Nom du scénario]]></Field>
	<Field name="Visible" type="boolean"><![CDATA[true]]></Field>
	<Field name="Position" type="int"><![CDATA[2]]></Field>
	<Field name="Width" type="int"><![CDATA[0]]></Field>
	<Field name="SortAscending" type="boolean"><![CDATA[true]]></Field>
	<Field name="SortColumn" type="int"><![CDATA[0]]></Field>
</Object>
<Object class="com.sunopsis.graphical.explorer.config.SnpsTableParam">
		<Field name="ObjectName" type="java.lang.String"><![CDATA[com.sunopsis.graphical.gbo.DwgGBObjectStepLog]]></Field>
	<Field name="ColId" type="java.lang.String"><![CDATA[NB_DEL]]></Field>
	<Field name="ColName" type="java.lang.String"><![CDATA[Nb delete]]></Field>
	<Field name="Visible" type="boolean"><![CDATA[true]]></Field>
	<Field name="Position" type="int"><![CDATA[7]]></Field>
	<Field name="Width" type="int"><![CDATA[100]]></Field>
	<Field name="SortAscending" type="boolean"><![CDATA[true]]></Field>
	<Field name="SortColumn" type="int"><![CDATA[0]]></Field>
</Object>
<Object class="com.sunopsis.graphical.explorer.config.SnpsTableParam">
		<Field name="ObjectName" type="java.lang.String"><![CDATA[com.sunopsis.graphical.gbo.DwgGBObjectSessTaskLog]]></Field>
	<Field name="ColId" type="java.lang.String"><![CDATA[#TYPE#]]></Field>
	<Field name="ColName" type="java.lang.String"><![CDATA[Status]]></Field>
	<Field name="Visible" type="boolean"><![CDATA[true]]></Field>
	<Field name="Position" type="int"><![CDATA[0]]></Field>
	<Field name="Width" type="int"><![CDATA[80]]></Field>
	<Field name="SortAscending" type="boolean"><![CDATA[true]]></Field>
	<Field name="SortColumn" type="int"><![CDATA[0]]></Field>
</Object>
<Object class="com.sunopsis.graphical.explorer.config.SnpsTableParam">
		<Field name="ObjectName" type="java.lang.String"><![CDATA[com.sunopsis.graphical.gbo.DwgGBObjectStepReport]]></Field>
	<Field name="ColId" type="java.lang.String"><![CDATA[STEP_RC]]></Field>
	<Field name="ColName" type="java.lang.String"><![CDATA[Code retour]]></Field>
	<Field name="Visible" type="boolean"><![CDATA[true]]></Field>
	<Field name="Position" type="int"><![CDATA[8]]></Field>
	<Field name="Width" type="int"><![CDATA[100]]></Field>
	<Field name="SortAscending" type="boolean"><![CDATA[true]]></Field>
	<Field name="SortColumn" type="int"><![CDATA[0]]></Field>
</Object>
<Object class="com.sunopsis.graphical.explorer.config.SnpsTableParam">
		<Field name="ObjectName" type="java.lang.String"><![CDATA[com.sunopsis.graphical.gbo.DwgGBObjectScenReport]]></Field>
	<Field name="ColId" type="java.lang.String"><![CDATA[NB_DEL]]></Field>
	<Field name="ColName" type="java.lang.String"><![CDATA[Nb Del]]></Field>
	<Field name="Visible" type="boolean"><![CDATA[true]]></Field>
	<Field name="Position" type="int"><![CDATA[7]]></Field>
	<Field name="Width" type="int"><![CDATA[100]]></Field>
	<Field name="SortAscending" type="boolean"><![CDATA[true]]></Field>
	<Field name="SortColumn" type="int"><![CDATA[0]]></Field>
</Object>
<Object class="com.sunopsis.graphical.explorer.config.SnpsTableParam">
		<Field name="ObjectName" type="java.lang.String"><![CDATA[com.sunopsis.graphical.gbo.DwgGBObjectSession]]></Field>
	<Field name="ColId" type="java.lang.String"><![CDATA[SESS_NO]]></Field>
	<Field name="ColName" type="java.lang.String"><![CDATA[Numéro de session]]></Field>
	<Field name="Visible" type="boolean"><![CDATA[true]]></Field>
	<Field name="Position" type="int"><![CDATA[1]]></Field>
	<Field name="Width" type="int"><![CDATA[123]]></Field>
	<Field name="SortAscending" type="boolean"><![CDATA[true]]></Field>
	<Field name="SortColumn" type="int"><![CDATA[1]]></Field>
</Object>
<Object class="com.sunopsis.graphical.explorer.config.SnpsTableParam">
		<Field name="ObjectName" type="java.lang.String"><![CDATA[com.sunopsis.graphical.gbo.DwgGBObjectSession]]></Field>
	<Field name="ColId" type="java.lang.String"><![CDATA[#TYPE#]]></Field>
	<Field name="ColName" type="java.lang.String"><![CDATA[Status]]></Field>
	<Field name="Visible" type="boolean"><![CDATA[true]]></Field>
	<Field name="Position" type="int"><![CDATA[0]]></Field>
	<Field name="Width" type="int"><![CDATA[80]]></Field>
	<Field name="SortAscending" type="boolean"><![CDATA[true]]></Field>
	<Field name="SortColumn" type="int"><![CDATA[1]]></Field>
</Object>
<Object class="com.sunopsis.graphical.explorer.config.SnpsTableParam">
		<Field name="ObjectName" type="java.lang.String"><![CDATA[com.sunopsis.graphical.gbo.DwgGBObjectVarScen]]></Field>
	<Field name="ColId" type="java.lang.String"><![CDATA[DEF_N]]></Field>
	<Field name="ColName" type="java.lang.String"><![CDATA[Default numérique]]></Field>
	<Field name="Visible" type="boolean"><![CDATA[false]]></Field>
	<Field name="Position" type="int"><![CDATA[-1]]></Field>
	<Field name="Width" type="int"><![CDATA[100]]></Field>
	<Field name="SortAscending" type="boolean"><![CDATA[true]]></Field>
	<Field name="SortColumn" type="int"><![CDATA[0]]></Field>
</Object>
<Object class="com.sunopsis.graphical.explorer.config.SnpsTableParam">
		<Field name="ObjectName" type="java.lang.String"><![CDATA[com.sunopsis.graphical.gbo.DwgGBObjectVarScen]]></Field>
	<Field name="ColId" type="java.lang.String"><![CDATA[IND_STORE]]></Field>
	<Field name="ColName" type="java.lang.String"><![CDATA[Indicateur stockage]]></Field>
	<Field name="Visible" type="boolean"><![CDATA[false]]></Field>
	<Field name="Position" type="int"><![CDATA[-1]]></Field>
	<Field name="Width" type="int"><![CDATA[100]]></Field>
	<Field name="SortAscending" type="boolean"><![CDATA[true]]></Field>
	<Field name="SortColumn" type="int"><![CDATA[0]]></Field>
</Object>
<Object class="com.sunopsis.graphical.explorer.config.SnpsTableParam">
		<Field name="ObjectName" type="java.lang.String"><![CDATA[com.sunopsis.graphical.gbo.DwgGBObjectSessTaskLog]]></Field>
	<Field name="ColId" type="java.lang.String"><![CDATA[TASK_BEG]]></Field>
	<Field name="ColName" type="java.lang.String"><![CDATA[Date de début]]></Field>
	<Field name="Visible" type="boolean"><![CDATA[true]]></Field>
	<Field name="Position" type="int"><![CDATA[5]]></Field>
	<Field name="Width" type="int"><![CDATA[100]]></Field>
	<Field name="SortAscending" type="boolean"><![CDATA[true]]></Field>
	<Field name="SortColumn" type="int"><![CDATA[0]]></Field>
</Object>
<Object class="com.sunopsis.graphical.explorer.config.SnpsTableParam">
		<Field name="ObjectName" type="java.lang.String"><![CDATA[com.sunopsis.graphical.gbo.DwgGBObjectScenReport]]></Field>
	<Field name="ColId" type="java.lang.String"><![CDATA[AGENT_NAME]]></Field>
	<Field name="ColName" type="java.lang.String"><![CDATA[Agent Physique]]></Field>
	<Field name="Visible" type="boolean"><![CDATA[true]]></Field>
	<Field name="Position" type="int"><![CDATA[1]]></Field>
	<Field name="Width" type="int"><![CDATA[150]]></Field>
	<Field name="SortAscending" type="boolean"><![CDATA[true]]></Field>
	<Field name="SortColumn" type="int"><![CDATA[0]]></Field>
</Object>
<Object class="com.sunopsis.graphical.explorer.config.SnpsTableParam">
		<Field name="ObjectName" type="java.lang.String"><![CDATA[com.sunopsis.graphical.gbo.DwgGBObjectVarScen]]></Field>
	<Field name="ColId" type="java.lang.String"><![CDATA[#TYPE#]]></Field>
	<Field name="ColName" type="java.lang.String"><![CDATA[Type]]></Field>
	<Field name="Visible" type="boolean"><![CDATA[true]]></Field>
	<Field name="Position" type="int"><![CDATA[0]]></Field>
	<Field name="Width" type="int"><![CDATA[70]]></Field>
	<Field name="SortAscending" type="boolean"><![CDATA[true]]></Field>
	<Field name="SortColumn" type="int"><![CDATA[0]]></Field>
</Object>
<Object class="com.sunopsis.graphical.explorer.config.SnpsTableParam">
		<Field name="ObjectName" type="java.lang.String"><![CDATA[com.sunopsis.graphical.gbo.DwgGBObjectScenReport]]></Field>
	<Field name="ColId" type="java.lang.String"><![CDATA[SESS_END]]></Field>
	<Field name="ColName" type="java.lang.String"><![CDATA[Date Fin]]></Field>
	<Field name="Visible" type="boolean"><![CDATA[true]]></Field>
	<Field name="Position" type="int"><![CDATA[3]]></Field>
	<Field name="Width" type="int"><![CDATA[130]]></Field>
	<Field name="SortAscending" type="boolean"><![CDATA[true]]></Field>
	<Field name="SortColumn" type="int"><![CDATA[0]]></Field>
</Object>
<Object class="com.sunopsis.graphical.explorer.config.SnpsTableParam">
		<Field name="ObjectName" type="java.lang.String"><![CDATA[com.sunopsis.graphical.gbo.DwgGBObjectSessTaskLog]]></Field>
	<Field name="ColId" type="java.lang.String"><![CDATA[NB_INS]]></Field>
	<Field name="ColName" type="java.lang.String"><![CDATA[Nb insert]]></Field>
	<Field name="Visible" type="boolean"><![CDATA[true]]></Field>
	<Field name="Position" type="int"><![CDATA[7]]></Field>
	<Field name="Width" type="int"><![CDATA[100]]></Field>
	<Field name="SortAscending" type="boolean"><![CDATA[true]]></Field>
	<Field name="SortColumn" type="int"><![CDATA[0]]></Field>
</Object>
<Object class="com.sunopsis.graphical.explorer.config.SnpsTableParam">
		<Field name="ObjectName" type="java.lang.String"><![CDATA[com.sunopsis.graphical.gbo.DwgGBObjectSessTaskLog]]></Field>
	<Field name="ColId" type="java.lang.String"><![CDATA[LOG_LEV_DET]]></Field>
	<Field name="ColName" type="java.lang.String"><![CDATA[Log level]]></Field>
	<Field name="Visible" type="boolean"><![CDATA[false]]></Field>
	<Field name="Position" type="int"><![CDATA[13]]></Field>
	<Field name="Width" type="int"><![CDATA[100]]></Field>
	<Field name="SortAscending" type="boolean"><![CDATA[true]]></Field>
	<Field name="SortColumn" type="int"><![CDATA[0]]></Field>
</Object>
<Object class="com.sunopsis.graphical.explorer.config.SnpsTableParam">
		<Field name="ObjectName" type="java.lang.String"><![CDATA[#LABEL#]]></Field>
	<Field name="ColId" type="java.lang.String"><![CDATA[]]></Field>
	<Field name="ColName" type="java.lang.String"><![CDATA[]]></Field>
	<Field name="Visible" type="boolean"><![CDATA[true]]></Field>
	<Field name="Position" type="int"><![CDATA[0]]></Field>
	<Field name="Width" type="int"><![CDATA[600]]></Field>
	<Field name="SortAscending" type="boolean"><![CDATA[true]]></Field>
	<Field name="SortColumn" type="int"><![CDATA[0]]></Field>
</Object>
<Object class="com.sunopsis.graphical.explorer.config.SnpsTableParam">
		<Field name="ObjectName" type="java.lang.String"><![CDATA[com.sunopsis.graphical.gbo.DwgGBObjectSessionBySessName]]></Field>
	<Field name="ColId" type="java.lang.String"><![CDATA[SESS_NAME]]></Field>
	<Field name="ColName" type="java.lang.String"><![CDATA[Nom session]]></Field>
	<Field name="Visible" type="boolean"><![CDATA[true]]></Field>
	<Field name="Position" type="int"><![CDATA[1]]></Field>
	<Field name="Width" type="int"><![CDATA[0]]></Field>
	<Field name="SortAscending" type="boolean"><![CDATA[true]]></Field>
	<Field name="SortColumn" type="int"><![CDATA[0]]></Field>
</Object>
<Object class="com.sunopsis.graphical.explorer.config.SnpsTableParam">
		<Field name="ObjectName" type="java.lang.String"><![CDATA[com.sunopsis.graphical.gbo.DwgGBObjectStepLog]]></Field>
	<Field name="ColId" type="java.lang.String"><![CDATA[STEP_RC]]></Field>
	<Field name="ColName" type="java.lang.String"><![CDATA[Code Retour]]></Field>
	<Field name="Visible" type="boolean"><![CDATA[true]]></Field>
	<Field name="Position" type="int"><![CDATA[10]]></Field>
	<Field name="Width" type="int"><![CDATA[100]]></Field>
	<Field name="SortAscending" type="boolean"><![CDATA[true]]></Field>
	<Field name="SortColumn" type="int"><![CDATA[0]]></Field>
</Object>
<Object class="com.sunopsis.graphical.explorer.config.SnpsTableParam">
		<Field name="ObjectName" type="java.lang.String"><![CDATA[com.sunopsis.graphical.gbo.DwgGBObjectSessionByAgent]]></Field>
	<Field name="ColId" type="java.lang.String"><![CDATA[COUNT_AGENT_NAME]]></Field>
	<Field name="ColName" type="java.lang.String"><![CDATA[Nombre de sessions]]></Field>
	<Field name="Visible" type="boolean"><![CDATA[true]]></Field>
	<Field name="Position" type="int"><![CDATA[2]]></Field>
	<Field name="Width" type="int"><![CDATA[200]]></Field>
	<Field name="SortAscending" type="boolean"><![CDATA[true]]></Field>
	<Field name="SortColumn" type="int"><![CDATA[0]]></Field>
</Object>
<Object class="com.sunopsis.graphical.explorer.config.SnpsTableParam">
		<Field name="ObjectName" type="java.lang.String"><![CDATA[com.sunopsis.graphical.gbo.DwgGBObjectSessionByLAgent]]></Field>
	<Field name="ColId" type="java.lang.String"><![CDATA[LAGENT_NAME]]></Field>
	<Field name="ColName" type="java.lang.String"><![CDATA[Nom de l'agent]]></Field>
	<Field name="Visible" type="boolean"><![CDATA[true]]></Field>
	<Field name="Position" type="int"><![CDATA[1]]></Field>
	<Field name="Width" type="int"><![CDATA[0]]></Field>
	<Field name="SortAscending" type="boolean"><![CDATA[true]]></Field>
	<Field name="SortColumn" type="int"><![CDATA[0]]></Field>
</Object>
<Object class="com.sunopsis.graphical.explorer.config.SnpsTableParam">
		<Field name="ObjectName" type="java.lang.String"><![CDATA[com.sunopsis.graphical.gbo.DwgGBObjectScenReport]]></Field>
	<Field name="ColId" type="java.lang.String"><![CDATA[SESS_BEG]]></Field>
	<Field name="ColName" type="java.lang.String"><![CDATA[Date Début]]></Field>
	<Field name="Visible" type="boolean"><![CDATA[true]]></Field>
	<Field name="Position" type="int"><![CDATA[2]]></Field>
	<Field name="Width" type="int"><![CDATA[130]]></Field>
	<Field name="SortAscending" type="boolean"><![CDATA[true]]></Field>
	<Field name="SortColumn" type="int"><![CDATA[0]]></Field>
</Object>
<Object class="com.sunopsis.graphical.explorer.config.SnpsTableParam">
		<Field name="ObjectName" type="java.lang.String"><![CDATA[com.sunopsis.graphical.gbo.DwgGBObjectScen]]></Field>
	<Field name="ColId" type="java.lang.String"><![CDATA[TXT_SCEN]]></Field>
	<Field name="ColName" type="java.lang.String"><![CDATA[Description]]></Field>
	<Field name="Visible" type="boolean"><![CDATA[true]]></Field>
	<Field name="Position" type="int"><![CDATA[3]]></Field>
	<Field name="Width" type="int"><![CDATA[295]]></Field>
	<Field name="SortAscending" type="boolean"><![CDATA[true]]></Field>
	<Field name="SortColumn" type="int"><![CDATA[0]]></Field>
</Object>
<Object class="com.sunopsis.graphical.explorer.config.SnpsTableParam">
		<Field name="ObjectName" type="java.lang.String"><![CDATA[com.sunopsis.graphical.gbo.DwgGBObjectVarSess]]></Field>
	<Field name="ColId" type="java.lang.String"><![CDATA[DEF_DATE]]></Field>
	<Field name="ColName" type="java.lang.String"><![CDATA[Default date]]></Field>
	<Field name="Visible" type="boolean"><![CDATA[false]]></Field>
	<Field name="Position" type="int"><![CDATA[-1]]></Field>
	<Field name="Width" type="int"><![CDATA[100]]></Field>
	<Field name="SortAscending" type="boolean"><![CDATA[true]]></Field>
	<Field name="SortColumn" type="int"><![CDATA[0]]></Field>
</Object>
<Object class="com.sunopsis.graphical.explorer.config.SnpsTableParam">
		<Field name="ObjectName" type="java.lang.String"><![CDATA[com.sunopsis.graphical.gbo.DwgGBObjectScenReport]]></Field>
	<Field name="ColId" type="java.lang.String"><![CDATA[NB_ROW]]></Field>
	<Field name="ColName" type="java.lang.String"><![CDATA[Nb Lignes]]></Field>
	<Field name="Visible" type="boolean"><![CDATA[true]]></Field>
	<Field name="Position" type="int"><![CDATA[9]]></Field>
	<Field name="Width" type="int"><![CDATA[100]]></Field>
	<Field name="SortAscending" type="boolean"><![CDATA[true]]></Field>
	<Field name="SortColumn" type="int"><![CDATA[0]]></Field>
</Object>
<Object class="com.sunopsis.graphical.explorer.config.SnpsTableParam">
		<Field name="ObjectName" type="java.lang.String"><![CDATA[com.sunopsis.graphical.gbo.DwgGBObjectVarScen]]></Field>
	<Field name="ColId" type="java.lang.String"><![CDATA[DEF_DATE]]></Field>
	<Field name="ColName" type="java.lang.String"><![CDATA[Default date]]></Field>
	<Field name="Visible" type="boolean"><![CDATA[false]]></Field>
	<Field name="Position" type="int"><![CDATA[-1]]></Field>
	<Field name="Width" type="int"><![CDATA[100]]></Field>
	<Field name="SortAscending" type="boolean"><![CDATA[true]]></Field>
	<Field name="SortColumn" type="int"><![CDATA[0]]></Field>
</Object>
<Object class="com.sunopsis.graphical.explorer.config.SnpsTableParam">
		<Field name="ObjectName" type="java.lang.String"><![CDATA[com.sunopsis.graphical.gbo.DwgGBObjectStepLog]]></Field>
	<Field name="ColId" type="java.lang.String"><![CDATA[STEP_DUR]]></Field>
	<Field name="ColName" type="java.lang.String"><![CDATA[Durée]]></Field>
	<Field name="Visible" type="boolean"><![CDATA[true]]></Field>
	<Field name="Position" type="int"><![CDATA[4]]></Field>
	<Field name="Width" type="int"><![CDATA[100]]></Field>
	<Field name="SortAscending" type="boolean"><![CDATA[true]]></Field>
	<Field name="SortColumn" type="int"><![CDATA[0]]></Field>
</Object>
<Object class="com.sunopsis.graphical.explorer.config.SnpsTableParam">
		<Field name="ObjectName" type="java.lang.String"><![CDATA[com.sunopsis.graphical.gbo.DwgGBObjectSessFolder]]></Field>
	<Field name="ColId" type="java.lang.String"><![CDATA[I_SESS_FOLDER]]></Field>
	<Field name="ColName" type="java.lang.String"><![CDATA[Numéro session]]></Field>
	<Field name="Visible" type="boolean"><![CDATA[false]]></Field>
	<Field name="Position" type="int"><![CDATA[3]]></Field>
	<Field name="Width" type="int"><![CDATA[100]]></Field>
	<Field name="SortAscending" type="boolean"><![CDATA[true]]></Field>
	<Field name="SortColumn" type="int"><![CDATA[0]]></Field>
</Object>
<Object class="com.sunopsis.graphical.explorer.config.SnpsTableParam">
		<Field name="ObjectName" type="java.lang.String"><![CDATA[com.sunopsis.graphical.gbo.DwgGBObjectVarScen]]></Field>
	<Field name="ColId" type="java.lang.String"><![CDATA[VAR_TXT]]></Field>
	<Field name="ColName" type="java.lang.String"><![CDATA[Description]]></Field>
	<Field name="Visible" type="boolean"><![CDATA[true]]></Field>
	<Field name="Position" type="int"><![CDATA[3]]></Field>
	<Field name="Width" type="int"><![CDATA[100]]></Field>
	<Field name="SortAscending" type="boolean"><![CDATA[true]]></Field>
	<Field name="SortColumn" type="int"><![CDATA[0]]></Field>
</Object>
<Object class="com.sunopsis.graphical.explorer.config.SnpsTableParam">
		<Field name="ObjectName" type="java.lang.String"><![CDATA[com.sunopsis.graphical.gbo.DwgGBObjectSessTaskLog]]></Field>
	<Field name="ColId" type="java.lang.String"><![CDATA[NB_ROW]]></Field>
	<Field name="ColName" type="java.lang.String"><![CDATA[Nb lignes]]></Field>
	<Field name="Visible" type="boolean"><![CDATA[true]]></Field>
	<Field name="Position" type="int"><![CDATA[10]]></Field>
	<Field name="Width" type="int"><![CDATA[100]]></Field>
	<Field name="SortAscending" type="boolean"><![CDATA[true]]></Field>
	<Field name="SortColumn" type="int"><![CDATA[0]]></Field>
</Object>
<Object class="com.sunopsis.graphical.explorer.config.SnpsTableParam">
		<Field name="ObjectName" type="java.lang.String"><![CDATA[com.sunopsis.graphical.gbo.DwgGBObjectPlanAgent]]></Field>
	<Field name="ColId" type="java.lang.String"><![CDATA[CONTEXT_CODE]]></Field>
	<Field name="ColName" type="java.lang.String"><![CDATA[Context]]></Field>
	<Field name="Visible" type="boolean"><![CDATA[true]]></Field>
	<Field name="Position" type="int"><![CDATA[4]]></Field>
	<Field name="Width" type="int"><![CDATA[100]]></Field>
	<Field name="SortAscending" type="boolean"><![CDATA[true]]></Field>
	<Field name="SortColumn" type="int"><![CDATA[0]]></Field>
</Object>
<Object class="com.sunopsis.graphical.explorer.config.SnpsTableParam">
		<Field name="ObjectName" type="java.lang.String"><![CDATA[com.sunopsis.graphical.gbo.DwgGBObjectStepLog]]></Field>
	<Field name="ColId" type="java.lang.String"><![CDATA[NB_INS]]></Field>
	<Field name="ColName" type="java.lang.String"><![CDATA[Nb insert]]></Field>
	<Field name="Visible" type="boolean"><![CDATA[true]]></Field>
	<Field name="Position" type="int"><![CDATA[5]]></Field>
	<Field name="Width" type="int"><![CDATA[100]]></Field>
	<Field name="SortAscending" type="boolean"><![CDATA[true]]></Field>
	<Field name="SortColumn" type="int"><![CDATA[0]]></Field>
</Object>
<Object class="com.sunopsis.graphical.explorer.config.SnpsTableParam">
		<Field name="ObjectName" type="java.lang.String"><![CDATA[com.sunopsis.graphical.gbo.DwgGBObjectStepLog]]></Field>
	<Field name="ColId" type="java.lang.String"><![CDATA[STEP_MESS]]></Field>
	<Field name="ColName" type="java.lang.String"><![CDATA[Message]]></Field>
	<Field name="Visible" type="boolean"><![CDATA[true]]></Field>
	<Field name="Position" type="int"><![CDATA[11]]></Field>
	<Field name="Width" type="int"><![CDATA[100]]></Field>
	<Field name="SortAscending" type="boolean"><![CDATA[true]]></Field>
	<Field name="SortColumn" type="int"><![CDATA[0]]></Field>
</Object>
<Object class="com.sunopsis.graphical.explorer.config.SnpsTableParam">
		<Field name="ObjectName" type="java.lang.String"><![CDATA[com.sunopsis.graphical.gbo.DwgGBObjectVarSess]]></Field>
	<Field name="ColId" type="java.lang.String"><![CDATA[VAR_DATATYPE]]></Field>
	<Field name="ColName" type="java.lang.String"><![CDATA[Type de données]]></Field>
	<Field name="Visible" type="boolean"><![CDATA[true]]></Field>
	<Field name="Position" type="int"><![CDATA[2]]></Field>
	<Field name="Width" type="int"><![CDATA[100]]></Field>
	<Field name="SortAscending" type="boolean"><![CDATA[true]]></Field>
	<Field name="SortColumn" type="int"><![CDATA[0]]></Field>
</Object>
<Object class="com.sunopsis.graphical.explorer.config.SnpsTableParam">
		<Field name="ObjectName" type="java.lang.String"><![CDATA[com.sunopsis.graphical.gbo.DwgGBObjectSession]]></Field>
	<Field name="ColId" type="java.lang.String"><![CDATA[SESS_MESS]]></Field>
	<Field name="ColName" type="java.lang.String"><![CDATA[Message]]></Field>
	<Field name="Visible" type="boolean"><![CDATA[true]]></Field>
	<Field name="Position" type="int"><![CDATA[8]]></Field>
	<Field name="Width" type="int"><![CDATA[100]]></Field>
	<Field name="SortAscending" type="boolean"><![CDATA[true]]></Field>
	<Field name="SortColumn" type="int"><![CDATA[1]]></Field>
</Object>
<Object class="com.sunopsis.graphical.explorer.config.SnpsTableParam">
		<Field name="ObjectName" type="java.lang.String"><![CDATA[com.sunopsis.graphical.gbo.DwgGBObjectVarScen]]></Field>
	<Field name="ColId" type="java.lang.String"><![CDATA[VAR_NAME]]></Field>
	<Field name="ColName" type="java.lang.String"><![CDATA[Nom de variable]]></Field>
	<Field name="Visible" type="boolean"><![CDATA[true]]></Field>
	<Field name="Position" type="int"><![CDATA[1]]></Field>
	<Field name="Width" type="int"><![CDATA[100]]></Field>
	<Field name="SortAscending" type="boolean"><![CDATA[true]]></Field>
	<Field name="SortColumn" type="int"><![CDATA[0]]></Field>
</Object>
<Object class="com.sunopsis.graphical.explorer.config.SnpsTableParam">
		<Field name="ObjectName" type="java.lang.String"><![CDATA[com.sunopsis.graphical.gbo.DwgGBObjectStepLog]]></Field>
	<Field name="ColId" type="java.lang.String"><![CDATA[STEP_NAME]]></Field>
	<Field name="ColName" type="java.lang.String"><![CDATA[Nom du step]]></Field>
	<Field name="Visible" type="boolean"><![CDATA[true]]></Field>
	<Field name="Position" type="int"><![CDATA[2]]></Field>
	<Field name="Width" type="int"><![CDATA[100]]></Field>
	<Field name="SortAscending" type="boolean"><![CDATA[true]]></Field>
	<Field name="SortColumn" type="int"><![CDATA[0]]></Field>
</Object>
<Object class="com.sunopsis.graphical.explorer.config.SnpsTableParam">
		<Field name="ObjectName" type="java.lang.String"><![CDATA[com.sunopsis.graphical.gbo.DwgGBObjectSessTaskLog]]></Field>
	<Field name="ColId" type="java.lang.String"><![CDATA[TASK_RC]]></Field>
	<Field name="ColName" type="java.lang.String"><![CDATA[Code Retour]]></Field>
	<Field name="Visible" type="boolean"><![CDATA[true]]></Field>
	<Field name="Position" type="int"><![CDATA[11]]></Field>
	<Field name="Width" type="int"><![CDATA[100]]></Field>
	<Field name="SortAscending" type="boolean"><![CDATA[true]]></Field>
	<Field name="SortColumn" type="int"><![CDATA[0]]></Field>
</Object>
<Object class="com.sunopsis.graphical.explorer.config.SnpsTableParam">
		<Field name="ObjectName" type="java.lang.String"><![CDATA[com.sunopsis.graphical.gbo.DwgGBObjectScenReport]]></Field>
	<Field name="ColId" type="java.lang.String"><![CDATA[NB_INS]]></Field>
	<Field name="ColName" type="java.lang.String"><![CDATA[Nb Ins]]></Field>
	<Field name="Visible" type="boolean"><![CDATA[true]]></Field>
	<Field name="Position" type="int"><![CDATA[5]]></Field>
	<Field name="Width" type="int"><![CDATA[100]]></Field>
	<Field name="SortAscending" type="boolean"><![CDATA[true]]></Field>
	<Field name="SortColumn" type="int"><![CDATA[0]]></Field>
</Object>
<Object class="com.sunopsis.graphical.explorer.config.SnpsTableParam">
		<Field name="ObjectName" type="java.lang.String"><![CDATA[com.sunopsis.graphical.gbo.DwgGBObjectStepReport]]></Field>
	<Field name="ColId" type="java.lang.String"><![CDATA[NB_INS]]></Field>
	<Field name="ColName" type="java.lang.String"><![CDATA[Nb Ins]]></Field>
	<Field name="Visible" type="boolean"><![CDATA[true]]></Field>
	<Field name="Position" type="int"><![CDATA[3]]></Field>
	<Field name="Width" type="int"><![CDATA[100]]></Field>
	<Field name="SortAscending" type="boolean"><![CDATA[true]]></Field>
	<Field name="SortColumn" type="int"><![CDATA[0]]></Field>
</Object>
<Object class="com.sunopsis.graphical.explorer.config.SnpsTableParam">
		<Field name="ObjectName" type="java.lang.String"><![CDATA[com.sunopsis.graphical.gbo.DwgGBObjectStepReport]]></Field>
	<Field name="ColId" type="java.lang.String"><![CDATA[NB_ERR]]></Field>
	<Field name="ColName" type="java.lang.String"><![CDATA[Nb Err]]></Field>
	<Field name="Visible" type="boolean"><![CDATA[true]]></Field>
	<Field name="Position" type="int"><![CDATA[6]]></Field>
	<Field name="Width" type="int"><![CDATA[100]]></Field>
	<Field name="SortAscending" type="boolean"><![CDATA[true]]></Field>
	<Field name="SortColumn" type="int"><![CDATA[0]]></Field>
</Object>
<Object class="com.sunopsis.graphical.explorer.config.SnpsTableParam">
		<Field name="ObjectName" type="java.lang.String"><![CDATA[com.sunopsis.graphical.gbo.DwgGBObjectVarSess]]></Field>
	<Field name="ColId" type="java.lang.String"><![CDATA[DEF_N]]></Field>
	<Field name="ColName" type="java.lang.String"><![CDATA[Default numérique]]></Field>
	<Field name="Visible" type="boolean"><![CDATA[false]]></Field>
	<Field name="Position" type="int"><![CDATA[-1]]></Field>
	<Field name="Width" type="int"><![CDATA[100]]></Field>
	<Field name="SortAscending" type="boolean"><![CDATA[true]]></Field>
	<Field name="SortColumn" type="int"><![CDATA[0]]></Field>
</Object>
<Object class="com.sunopsis.graphical.explorer.config.SnpsTableParam">
		<Field name="ObjectName" type="java.lang.String"><![CDATA[com.sunopsis.graphical.gbo.DwgGBObjectSessFolder]]></Field>
	<Field name="ColId" type="java.lang.String"><![CDATA[#TYPE#]]></Field>
	<Field name="ColName" type="java.lang.String"><![CDATA[Type]]></Field>
	<Field name="Visible" type="boolean"><![CDATA[true]]></Field>
	<Field name="Position" type="int"><![CDATA[0]]></Field>
	<Field name="Width" type="int"><![CDATA[70]]></Field>
	<Field name="SortAscending" type="boolean"><![CDATA[true]]></Field>
	<Field name="SortColumn" type="int"><![CDATA[0]]></Field>
</Object>
<Object class="com.sunopsis.graphical.explorer.config.SnpsTableParam">
		<Field name="ObjectName" type="java.lang.String"><![CDATA[com.sunopsis.graphical.gbo.DwgGBObjectSession]]></Field>
	<Field name="ColId" type="java.lang.String"><![CDATA[AGENT_NAME]]></Field>
	<Field name="ColName" type="java.lang.String"><![CDATA[Agent physique]]></Field>
	<Field name="Visible" type="boolean"><![CDATA[true]]></Field>
	<Field name="Position" type="int"><![CDATA[4]]></Field>
	<Field name="Width" type="int"><![CDATA[100]]></Field>
	<Field name="SortAscending" type="boolean"><![CDATA[true]]></Field>
	<Field name="SortColumn" type="int"><![CDATA[1]]></Field>
</Object>
<Object class="com.sunopsis.graphical.explorer.config.SnpsTableParam">
		<Field name="ObjectName" type="java.lang.String"><![CDATA[com.sunopsis.graphical.gbo.DwgGBObjectStepLog]]></Field>
	<Field name="ColId" type="java.lang.String"><![CDATA[NNO]]></Field>
	<Field name="ColName" type="java.lang.String"><![CDATA[Numéro du step]]></Field>
	<Field name="Visible" type="boolean"><![CDATA[true]]></Field>
	<Field name="Position" type="int"><![CDATA[1]]></Field>
	<Field name="Width" type="int"><![CDATA[100]]></Field>
	<Field name="SortAscending" type="boolean"><![CDATA[true]]></Field>
	<Field name="SortColumn" type="int"><![CDATA[0]]></Field>
</Object>
<Object class="com.sunopsis.graphical.explorer.config.SnpsTableParam">
		<Field name="ObjectName" type="java.lang.String"><![CDATA[com.sunopsis.graphical.gbo.DwgGBObjectSessTaskLog]]></Field>
	<Field name="ColId" type="java.lang.String"><![CDATA[TASK_DUR]]></Field>
	<Field name="ColName" type="java.lang.String"><![CDATA[Durée]]></Field>
	<Field name="Visible" type="boolean"><![CDATA[true]]></Field>
	<Field name="Position" type="int"><![CDATA[6]]></Field>
	<Field name="Width" type="int"><![CDATA[100]]></Field>
	<Field name="SortAscending" type="boolean"><![CDATA[true]]></Field>
	<Field name="SortColumn" type="int"><![CDATA[0]]></Field>
</Object>
<Object class="com.sunopsis.graphical.explorer.config.SnpsTableParam">
		<Field name="ObjectName" type="java.lang.String"><![CDATA[com.sunopsis.graphical.gbo.DwgGBObjectSessionByAgent]]></Field>
	<Field name="ColId" type="java.lang.String"><![CDATA[#TYPE#]]></Field>
	<Field name="ColName" type="java.lang.String"><![CDATA[Type]]></Field>
	<Field name="Visible" type="boolean"><![CDATA[true]]></Field>
	<Field name="Position" type="int"><![CDATA[0]]></Field>
	<Field name="Width" type="int"><![CDATA[70]]></Field>
	<Field name="SortAscending" type="boolean"><![CDATA[true]]></Field>
	<Field name="SortColumn" type="int"><![CDATA[0]]></Field>
</Object>
<Object class="com.sunopsis.graphical.explorer.config.SnpsTableParam">
		<Field name="ObjectName" type="java.lang.String"><![CDATA[com.sunopsis.graphical.gbo.DwgGBObjectSessionByStatus]]></Field>
	<Field name="ColId" type="java.lang.String"><![CDATA[COUNT_STATE]]></Field>
	<Field name="ColName" type="java.lang.String"><![CDATA[Nombre de sessions]]></Field>
	<Field name="Visible" type="boolean"><![CDATA[true]]></Field>
	<Field name="Position" type="int"><![CDATA[2]]></Field>
	<Field name="Width" type="int"><![CDATA[200]]></Field>
	<Field name="SortAscending" type="boolean"><![CDATA[true]]></Field>
	<Field name="SortColumn" type="int"><![CDATA[0]]></Field>
</Object>
<Object class="com.sunopsis.graphical.explorer.config.SnpsTableParam">
		<Field name="ObjectName" type="java.lang.String"><![CDATA[com.sunopsis.graphical.gbo.DwgGBObjectSessTaskLog]]></Field>
	<Field name="ColId" type="java.lang.String"><![CDATA[TASK_NAME1]]></Field>
	<Field name="ColName" type="java.lang.String"><![CDATA[Nom]]></Field>
	<Field name="Visible" type="boolean"><![CDATA[true]]></Field>
	<Field name="Position" type="int"><![CDATA[2]]></Field>
	<Field name="Width" type="int"><![CDATA[100]]></Field>
	<Field name="SortAscending" type="boolean"><![CDATA[true]]></Field>
	<Field name="SortColumn" type="int"><![CDATA[0]]></Field>
</Object>
<Object class="com.sunopsis.graphical.explorer.config.SnpsTableParam">
		<Field name="ObjectName" type="java.lang.String"><![CDATA[com.sunopsis.graphical.gbo.DwgGBObjectStepLog]]></Field>
	<Field name="ColId" type="java.lang.String"><![CDATA[NB_UPD]]></Field>
	<Field name="ColName" type="java.lang.String"><![CDATA[Nb update]]></Field>
	<Field name="Visible" type="boolean"><![CDATA[true]]></Field>
	<Field name="Position" type="int"><![CDATA[6]]></Field>
	<Field name="Width" type="int"><![CDATA[100]]></Field>
	<Field name="SortAscending" type="boolean"><![CDATA[true]]></Field>
	<Field name="SortColumn" type="int"><![CDATA[0]]></Field>
</Object>
<Object class="com.sunopsis.graphical.explorer.config.SnpsTableParam">
		<Field name="ObjectName" type="java.lang.String"><![CDATA[com.sunopsis.graphical.gbo.DwgGBObjectSessFolder]]></Field>
	<Field name="ColId" type="java.lang.String"><![CDATA[FOLDER_NAME]]></Field>
	<Field name="ColName" type="java.lang.String"><![CDATA[Nom]]></Field>
	<Field name="Visible" type="boolean"><![CDATA[true]]></Field>
	<Field name="Position" type="int"><![CDATA[1]]></Field>
	<Field name="Width" type="int"><![CDATA[495]]></Field>
	<Field name="SortAscending" type="boolean"><![CDATA[true]]></Field>
	<Field name="SortColumn" type="int"><![CDATA[0]]></Field>
</Object>
<Object class="com.sunopsis.graphical.explorer.config.SnpsTableParam">
		<Field name="ObjectName" type="java.lang.String"><![CDATA[com.sunopsis.graphical.gbo.DwgGBObjectSessionByLAgent]]></Field>
	<Field name="ColId" type="java.lang.String"><![CDATA[#TYPE#]]></Field>
	<Field name="ColName" type="java.lang.String"><![CDATA[Type]]></Field>
	<Field name="Visible" type="boolean"><![CDATA[true]]></Field>
	<Field name="Position" type="int"><![CDATA[0]]></Field>
	<Field name="Width" type="int"><![CDATA[70]]></Field>
	<Field name="SortAscending" type="boolean"><![CDATA[true]]></Field>
	<Field name="SortColumn" type="int"><![CDATA[0]]></Field>
</Object>
<Object class="com.sunopsis.graphical.explorer.config.SnpsTableParam">
		<Field name="ObjectName" type="java.lang.String"><![CDATA[com.sunopsis.graphical.gbo.DwgGBObjectStepReport]]></Field>
	<Field name="ColId" type="java.lang.String"><![CDATA[NB_ROW]]></Field>
	<Field name="ColName" type="java.lang.String"><![CDATA[Nb Lignes]]></Field>
	<Field name="Visible" type="boolean"><![CDATA[true]]></Field>
	<Field name="Position" type="int"><![CDATA[7]]></Field>
	<Field name="Width" type="int"><![CDATA[100]]></Field>
	<Field name="SortAscending" type="boolean"><![CDATA[true]]></Field>
	<Field name="SortColumn" type="int"><![CDATA[0]]></Field>
</Object>
<Object class="com.sunopsis.graphical.explorer.config.SnpsTableParam">
		<Field name="ObjectName" type="java.lang.String"><![CDATA[com.sunopsis.graphical.gbo.DwgGBObjectScen]]></Field>
	<Field name="ColId" type="java.lang.String"><![CDATA[SCEN_NAME]]></Field>
	<Field name="ColName" type="java.lang.String"><![CDATA[Nom du scénario]]></Field>
	<Field name="Visible" type="boolean"><![CDATA[true]]></Field>
	<Field name="Position" type="int"><![CDATA[1]]></Field>
	<Field name="Width" type="int"><![CDATA[150]]></Field>
	<Field name="SortAscending" type="boolean"><![CDATA[true]]></Field>
	<Field name="SortColumn" type="int"><![CDATA[0]]></Field>
</Object>
<Object class="com.sunopsis.graphical.explorer.config.SnpsTableParam">
		<Field name="ObjectName" type="java.lang.String"><![CDATA[com.sunopsis.graphical.gbo.DwgGBObjectSessTaskLog]]></Field>
	<Field name="ColId" type="java.lang.String"><![CDATA[TASK_MESS]]></Field>
	<Field name="ColName" type="java.lang.String"><![CDATA[Message]]></Field>
	<Field name="Visible" type="boolean"><![CDATA[true]]></Field>
	<Field name="Position" type="int"><![CDATA[12]]></Field>
	<Field name="Width" type="int"><![CDATA[100]]></Field>
	<Field name="SortAscending" type="boolean"><![CDATA[true]]></Field>
	<Field name="SortColumn" type="int"><![CDATA[0]]></Field>
</Object>
<Object class="com.sunopsis.graphical.explorer.config.SnpsTableParam">
		<Field name="ObjectName" type="java.lang.String"><![CDATA[com.sunopsis.graphical.gbo.DwgGBObjectSessTaskLog]]></Field>
	<Field name="ColId" type="java.lang.String"><![CDATA[NB_UPD]]></Field>
	<Field name="ColName" type="java.lang.String"><![CDATA[Nb update]]></Field>
	<Field name="Visible" type="boolean"><![CDATA[true]]></Field>
	<Field name="Position" type="int"><![CDATA[8]]></Field>
	<Field name="Width" type="int"><![CDATA[100]]></Field>
	<Field name="SortAscending" type="boolean"><![CDATA[true]]></Field>
	<Field name="SortColumn" type="int"><![CDATA[0]]></Field>
</Object>
<Object class="com.sunopsis.graphical.explorer.config.SnpsTableParam">
		<Field name="ObjectName" type="java.lang.String"><![CDATA[com.sunopsis.graphical.gbo.DwgGBObjectSession]]></Field>
	<Field name="ColId" type="java.lang.String"><![CDATA[SESS_NAME]]></Field>
	<Field name="ColName" type="java.lang.String"><![CDATA[Nom de session]]></Field>
	<Field name="Visible" type="boolean"><![CDATA[true]]></Field>
	<Field name="Position" type="int"><![CDATA[2]]></Field>
	<Field name="Width" type="int"><![CDATA[100]]></Field>
	<Field name="SortAscending" type="boolean"><![CDATA[true]]></Field>
	<Field name="SortColumn" type="int"><![CDATA[1]]></Field>
</Object>
<Object class="com.sunopsis.graphical.explorer.config.SnpsTableParam">
		<Field name="ObjectName" type="java.lang.String"><![CDATA[com.sunopsis.graphical.gbo.DwgGBObjectStepLog]]></Field>
	<Field name="ColId" type="java.lang.String"><![CDATA[NB_ROW]]></Field>
	<Field name="ColName" type="java.lang.String"><![CDATA[Nb lignes]]></Field>
	<Field name="Visible" type="boolean"><![CDATA[true]]></Field>
	<Field name="Position" type="int"><![CDATA[9]]></Field>
	<Field name="Width" type="int"><![CDATA[100]]></Field>
	<Field name="SortAscending" type="boolean"><![CDATA[true]]></Field>
	<Field name="SortColumn" type="int"><![CDATA[0]]></Field>
</Object>
<Object class="com.sunopsis.graphical.explorer.config.SnpsTableParam">
		<Field name="ObjectName" type="java.lang.String"><![CDATA[com.sunopsis.graphical.gbo.DwgGBObjectVarSess]]></Field>
	<Field name="ColId" type="java.lang.String"><![CDATA[#TYPE#]]></Field>
	<Field name="ColName" type="java.lang.String"><![CDATA[Type]]></Field>
	<Field name="Visible" type="boolean"><![CDATA[true]]></Field>
	<Field name="Position" type="int"><![CDATA[0]]></Field>
	<Field name="Width" type="int"><![CDATA[70]]></Field>
	<Field name="SortAscending" type="boolean"><![CDATA[true]]></Field>
	<Field name="SortColumn" type="int"><![CDATA[0]]></Field>
</Object>
<Object class="com.sunopsis.graphical.explorer.config.SnpsTableParam">
		<Field name="ObjectName" type="java.lang.String"><![CDATA[com.sunopsis.graphical.gbo.DwgGBObjectVarSess]]></Field>
	<Field name="ColId" type="java.lang.String"><![CDATA[VAR_TXT]]></Field>
	<Field name="ColName" type="java.lang.String"><![CDATA[Description]]></Field>
	<Field name="Visible" type="boolean"><![CDATA[true]]></Field>
	<Field name="Position" type="int"><![CDATA[3]]></Field>
	<Field name="Width" type="int"><![CDATA[100]]></Field>
	<Field name="SortAscending" type="boolean"><![CDATA[true]]></Field>
	<Field name="SortColumn" type="int"><![CDATA[0]]></Field>
</Object>
<Object class="com.sunopsis.graphical.explorer.config.SnpsTableParam">
		<Field name="ObjectName" type="java.lang.String"><![CDATA[com.sunopsis.graphical.gbo.DwgGBObjectStepLog]]></Field>
	<Field name="ColId" type="java.lang.String"><![CDATA[STEP_BEG]]></Field>
	<Field name="ColName" type="java.lang.String"><![CDATA[Date de début]]></Field>
	<Field name="Visible" type="boolean"><![CDATA[true]]></Field>
	<Field name="Position" type="int"><![CDATA[3]]></Field>
	<Field name="Width" type="int"><![CDATA[100]]></Field>
	<Field name="SortAscending" type="boolean"><![CDATA[true]]></Field>
	<Field name="SortColumn" type="int"><![CDATA[0]]></Field>
</Object>
<Object class="com.sunopsis.graphical.explorer.config.SnpsTableParam">
		<Field name="ObjectName" type="java.lang.String"><![CDATA[com.sunopsis.graphical.gbo.DwgGBObjectStepReport]]></Field>
	<Field name="ColId" type="java.lang.String"><![CDATA[STEP_MESS]]></Field>
	<Field name="ColName" type="java.lang.String"><![CDATA[Message]]></Field>
	<Field name="Visible" type="boolean"><![CDATA[true]]></Field>
	<Field name="Position" type="int"><![CDATA[9]]></Field>
	<Field name="Width" type="int"><![CDATA[100]]></Field>
	<Field name="SortAscending" type="boolean"><![CDATA[true]]></Field>
	<Field name="SortColumn" type="int"><![CDATA[0]]></Field>
</Object>
<Object class="com.sunopsis.graphical.explorer.config.SnpsTableParam">
		<Field name="ObjectName" type="java.lang.String"><![CDATA[#LABEL#]]></Field>
	<Field name="ColId" type="java.lang.String"><![CDATA[#NAME#]]></Field>
	<Field name="ColName" type="java.lang.String"><![CDATA[Nom]]></Field>
	<Field name="Visible" type="boolean"><![CDATA[true]]></Field>
	<Field name="Position" type="int"><![CDATA[1]]></Field>
	<Field name="Width" type="int"><![CDATA[600]]></Field>
	<Field name="SortAscending" type="boolean"><![CDATA[true]]></Field>
	<Field name="SortColumn" type="int"><![CDATA[0]]></Field>
</Object>
<Object class="com.sunopsis.graphical.explorer.config.SnpsTableParam">
		<Field name="ObjectName" type="java.lang.String"><![CDATA[com.sunopsis.graphical.gbo.DwgGBObjectVarSess]]></Field>
	<Field name="ColId" type="java.lang.String"><![CDATA[IND_STORE]]></Field>
	<Field name="ColName" type="java.lang.String"><![CDATA[Indicateur stockage]]></Field>
	<Field name="Visible" type="boolean"><![CDATA[false]]></Field>
	<Field name="Position" type="int"><![CDATA[-1]]></Field>
	<Field name="Width" type="int"><![CDATA[100]]></Field>
	<Field name="SortAscending" type="boolean"><![CDATA[true]]></Field>
	<Field name="SortColumn" type="int"><![CDATA[0]]></Field>
</Object>
<Object class="com.sunopsis.graphical.explorer.config.SnpsTableParam">
		<Field name="ObjectName" type="java.lang.String"><![CDATA[#LABEL#]]></Field>
	<Field name="ColId" type="java.lang.String"><![CDATA[#TYPE#]]></Field>
	<Field name="ColName" type="java.lang.String"><![CDATA[Type]]></Field>
	<Field name="Visible" type="boolean"><![CDATA[true]]></Field>
	<Field name="Position" type="int"><![CDATA[0]]></Field>
	<Field name="Width" type="int"><![CDATA[70]]></Field>
	<Field name="SortAscending" type="boolean"><![CDATA[true]]></Field>
	<Field name="SortColumn" type="int"><![CDATA[0]]></Field>
</Object>
<Object class="com.sunopsis.graphical.explorer.config.SnpsTableParam">
		<Field name="ObjectName" type="java.lang.String"><![CDATA[com.sunopsis.graphical.gbo.DwgGBObjectSession]]></Field>
	<Field name="ColId" type="java.lang.String"><![CDATA[SESS_RC]]></Field>
	<Field name="ColName" type="java.lang.String"><![CDATA[Code retour]]></Field>
	<Field name="Visible" type="boolean"><![CDATA[true]]></Field>
	<Field name="Position" type="int"><![CDATA[7]]></Field>
	<Field name="Width" type="int"><![CDATA[100]]></Field>
	<Field name="SortAscending" type="boolean"><![CDATA[true]]></Field>
	<Field name="SortColumn" type="int"><![CDATA[1]]></Field>
</Object>
</SnpsTableParam>