'memberName','parentName','alias','dataStorage','twoPassCalc','consolidation','uda','comment','formula','timebalance','timebalanceskip','VarReporting','CurrConv','currConvcategory',
'Measures','',,'O','','+',,'',,'','','','','',
'Profit','Measures',,'X','','+',,'',,'','','','','',
'Margin','Profit',,'X','','+',,'',,'','','','','',
'Sales','Margin',,'S','','+',,'',,'','','','','',
'COGS','Margin',,'S','','-',,'',,'','','E','','',
'Total Expenses','Profit',,'X','','-',,'',,'','','E','','',
'Marketing','Total Expenses',,'S','','+',,'',,'','','E','','',
'Payroll','Total Expenses',,'S','','+',,'',,'','','E','','',
'Misc','Total Expenses',,'S','','+',,'',,'','','E','','',
'Inventory','Measures',,'O','','~',,'',,'','','','','',
'Opening Inventory','Inventory',,'S','','+',,'!!ERROR: FORMULA NOT LOADED!!  ','IF(NOT @ISMBR(Jan))"Opening Inventory"=@PRIOR("Ending Inventory"); ENDIF; Ending Inventory=Opening Inventory+Additions-Sales;','F','','E','','',
'Additions','Inventory',,'S','','~',,'',,'','','E','','',
'Ending Inventory','Inventory',,'S','','~',,'',,'L','','E','','',
'Ratios','Measures',,'O','','~',,'',,'','','','','',
'Margin %','Ratios',,'X','T','+',,'','Margin % Sales;','','','','','',
'Profit %','Ratios',,'X','T','~',,'','Profit % Sales;','','','','','',
'Profit per Ounce','Ratios',,'X','T','~',,'','Profit/@ATTRIBUTEVAL(@NAME(Ounces));','','','','','',
