New York,100-10,Measures,Scenario,Year,      5487.0
East,100-10,Measures,Scenario,Year,      5487.0
New York,200-10,Measures,Scenario,Year,      -767.0
East,200-10,Measures,Scenario,Year,      -767.0
New York,200-40,Measures,Scenario,Year,      4193.0
East,200-40,Measures,Scenario,Year,      4193.0
New York,300-10,Measures,Scenario,Year,      4096.0
East,300-10,Measures,Scenario,Year,      4096.0
New York,300-20,Measures,Scenario,Year,      -816.0
East,300-20,Measures,Scenario,Year,      -816.0
New York,400-10,Measures,Scenario,Year,      1809.0
East,400-10,Measures,Scenario,Year,      1809.0
