Market,Product,P_alas,Measures,Scenario,Year,Data
New York,100-10,Cola,Sales,Actual,Jan,700
New York,100-10,Cola,Sales,Actual,Feb,710
New York,100-10,Cola,Sales,Actual,Mar,720
New York,100-10,Cola,Sales,Actual,Apr,730
New York,100-10,Cola,Sales,Actual,May,740
New York,100-10,Cola,Sales,Actual,Jun,750
New York,100-10,Cola,Sales,Actual,Jul,760
New York,100-10,Cola,Sales,Actual,Aug,770
New York,100-10,Cola,Sales,Actual,Sep,780
New York,100-10,Cola,Sales,Actual,Oct,790
New York,100-10,Cola,Sales,Actual,Nov,800
New York,100-10,Cola,Sales,Actual,Dec,810
New York,100-10,Cola,Sales,Budget,Jan,820
New York,100-10,Cola,Sales,Budget,Feb,830
New York,100-10,Cola,Sales,Budget,Mar,840
New York,100-10,Cola,Sales,Budget,Apr,850
New York,100-10,Cola,Sales,Budget,May,860
New York,100-10,Cola,Sales,Budget,Jun,870
New York,100-10,Cola,Sales,Budget,Jul,880
New York,100-10,Cola,Sales,Budget,Aug,890
New York,100-10,Cola,Sales,Budget,Sep,900
New York,100-10,Cola,Sales,Budget,Oct,910
New York,100-10,Cola,Sales,Budget,Nov,920
New York,100-10,Cola,Sales,Budget,Dec,930
New York,100-10,Cola,Sales,Variance,Jan,-120
New York,100-10,Cola,Sales,Variance,Feb,-120
New York,100-10,Cola,Sales,Variance,Mar,-120
New York,100-10,Cola,Sales,Variance,Apr,-120
New York,100-10,Cola,Sales,Variance,May,-120
New York,100-10,Cola,Sales,Variance,Jun,-120
New York,100-10,Cola,Sales,Variance,Jul,-120
New York,100-10,Cola,Sales,Variance,Aug,-120
New York,100-10,Cola,Sales,Variance,Sep,-120
New York,100-10,Cola,Sales,Variance,Oct,-120
New York,100-10,Cola,Sales,Variance,Nov,-120
New York,100-10,Cola,Sales,Variance,Dec,-120
New York,100-10,Cola,Sales,Variance %,Jan,-15
New York,100-10,Cola,Sales,Variance %,Feb,-14
New York,100-10,Cola,Sales,Variance %,Mar,-14
New York,100-10,Cola,Sales,Variance %,Apr,-14
New York,100-10,Cola,Sales,Variance %,May,-14
New York,100-10,Cola,Sales,Variance %,Jun,-14
New York,100-10,Cola,Sales,Variance %,Jul,-14
New York,100-10,Cola,Sales,Variance %,Aug,-13
New York,100-10,Cola,Sales,Variance %,Sep,-13
New York,100-10,Cola,Sales,Variance %,Oct,-13
New York,100-10,Cola,Sales,Variance %,Nov,-13
New York,100-10,Cola,Sales,Variance %,Dec,-13
New York,100-10,Cola,COGS,Actual,Jan,271
New York,100-10,Cola,COGS,Actual,Feb,258
New York,100-10,Cola,COGS,Actual,Mar,270
New York,100-10,Cola,COGS,Actual,Apr,284
New York,100-10,Cola,COGS,Actual,May,302
New York,100-10,Cola,COGS,Actual,Jun,356
New York,100-10,Cola,COGS,Actual,Jul,364
New York,100-10,Cola,COGS,Actual,Aug,364
New York,100-10,Cola,COGS,Actual,Sep,316
New York,100-10,Cola,COGS,Actual,Oct,260
New York,100-10,Cola,COGS,Actual,Nov,249
New York,100-10,Cola,COGS,Actual,Dec,279
New York,100-10,Cola,COGS,Budget,Jan,260
New York,100-10,Cola,COGS,Budget,Feb,240
New York,100-10,Cola,COGS,Budget,Mar,250
New York,100-10,Cola,COGS,Budget,Apr,270
New York,100-10,Cola,COGS,Budget,May,280
New York,100-10,Cola,COGS,Budget,Jun,340
New York,100-10,Cola,COGS,Budget,Jul,340
New York,100-10,Cola,COGS,Budget,Aug,340
New York,100-10,Cola,COGS,Budget,Sep,300
New York,100-10,Cola,COGS,Budget,Oct,210
New York,100-10,Cola,COGS,Budget,Nov,220
New York,100-10,Cola,COGS,Budget,Dec,250
New York,100-10,Cola,COGS,Variance,Jan,-11
New York,100-10,Cola,COGS,Variance,Feb,-18
New York,100-10,Cola,COGS,Variance,Mar,-20
New York,100-10,Cola,COGS,Variance,Apr,-14
New York,100-10,Cola,COGS,Variance,May,-22
New York,100-10,Cola,COGS,Variance,Jun,-16
New York,100-10,Cola,COGS,Variance,Jul,-24
New York,100-10,Cola,COGS,Variance,Aug,-24
New York,100-10,Cola,COGS,Variance,Sep,-16
New York,100-10,Cola,COGS,Variance,Oct,-50
New York,100-10,Cola,COGS,Variance,Nov,-29
New York,100-10,Cola,COGS,Variance,Dec,-29
New York,100-10,Cola,COGS,Variance %,Jan,-4
New York,100-10,Cola,COGS,Variance %,Feb,-8
New York,100-10,Cola,COGS,Variance %,Mar,-8
New York,100-10,Cola,COGS,Variance %,Apr,-5
New York,100-10,Cola,COGS,Variance %,May,-8
New York,100-10,Cola,COGS,Variance %,Jun,-5
New York,100-10,Cola,COGS,Variance %,Jul,-7
New York,100-10,Cola,COGS,Variance %,Aug,-7
New York,100-10,Cola,COGS,Variance %,Sep,-5
New York,100-10,Cola,COGS,Variance %,Oct,-24
New York,100-10,Cola,COGS,Variance %,Nov,-13
New York,100-10,Cola,COGS,Variance %,Dec,-12
New York,100-10,Cola,Margin %,Actual,Jan,61
New York,100-10,Cola,Margin %,Actual,Feb,64
New York,100-10,Cola,Margin %,Actual,Mar,63
New York,100-10,Cola,Margin %,Actual,Apr,61
New York,100-10,Cola,Margin %,Actual,May,59
New York,100-10,Cola,Margin %,Actual,Jun,53
New York,100-10,Cola,Margin %,Actual,Jul,52
New York,100-10,Cola,Margin %,Actual,Aug,53
New York,100-10,Cola,Margin %,Actual,Sep,59
New York,100-10,Cola,Margin %,Actual,Oct,67
New York,100-10,Cola,Margin %,Actual,Nov,69
New York,100-10,Cola,Margin %,Actual,Dec,66
New York,100-10,Cola,Margin %,Budget,Jan,68
New York,100-10,Cola,Margin %,Budget,Feb,71
New York,100-10,Cola,Margin %,Budget,Mar,70
New York,100-10,Cola,Margin %,Budget,Apr,68
New York,100-10,Cola,Margin %,Budget,May,67
New York,100-10,Cola,Margin %,Budget,Jun,61
New York,100-10,Cola,Margin %,Budget,Jul,61
New York,100-10,Cola,Margin %,Budget,Aug,62
New York,100-10,Cola,Margin %,Budget,Sep,67
New York,100-10,Cola,Margin %,Budget,Oct,77
New York,100-10,Cola,Margin %,Budget,Nov,76
New York,100-10,Cola,Margin %,Budget,Dec,73
New York,100-10,Cola,Margin %,Variance,Jan,-7
New York,100-10,Cola,Margin %,Variance,Feb,-7
New York,100-10,Cola,Margin %,Variance,Mar,-8
New York,100-10,Cola,Margin %,Variance,Apr,-7
New York,100-10,Cola,Margin %,Variance,May,-8
New York,100-10,Cola,Margin %,Variance,Jun,-8
New York,100-10,Cola,Margin %,Variance,Jul,-9
New York,100-10,Cola,Margin %,Variance,Aug,-9
New York,100-10,Cola,Margin %,Variance,Sep,-7
New York,100-10,Cola,Margin %,Variance,Oct,-10
New York,100-10,Cola,Margin %,Variance,Nov,-7
New York,100-10,Cola,Margin %,Variance,Dec,-8
New York,100-10,Cola,Margin %,Variance %,Jan,-10
New York,100-10,Cola,Margin %,Variance %,Feb,-10
New York,100-10,Cola,Margin %,Variance %,Mar,-11
New York,100-10,Cola,Margin %,Variance %,Apr,-10
New York,100-10,Cola,Margin %,Variance %,May,-12
New York,100-10,Cola,Margin %,Variance %,Jun,-14
New York,100-10,Cola,Margin %,Variance %,Jul,-15
New York,100-10,Cola,Margin %,Variance %,Aug,-15
New York,100-10,Cola,Margin %,Variance %,Sep,-11
New York,100-10,Cola,Margin %,Variance %,Oct,-13
New York,100-10,Cola,Margin %,Variance %,Nov,-9
New York,100-10,Cola,Margin %,Variance %,Dec,-10
New York,100-10,Cola,Profit %,Actual,Jan,61
New York,100-10,Cola,Profit %,Actual,Feb,64
New York,100-10,Cola,Profit %,Actual,Mar,63
New York,100-10,Cola,Profit %,Actual,Apr,61
New York,100-10,Cola,Profit %,Actual,May,59
New York,100-10,Cola,Profit %,Actual,Jun,53
New York,100-10,Cola,Profit %,Actual,Jul,52
New York,100-10,Cola,Profit %,Actual,Aug,53
New York,100-10,Cola,Profit %,Actual,Sep,59
New York,100-10,Cola,Profit %,Actual,Oct,67
New York,100-10,Cola,Profit %,Actual,Nov,69
New York,100-10,Cola,Profit %,Actual,Dec,66
New York,100-10,Cola,Profit %,Budget,Jan,68
New York,100-10,Cola,Profit %,Budget,Feb,71
New York,100-10,Cola,Profit %,Budget,Mar,70
New York,100-10,Cola,Profit %,Budget,Apr,68
New York,100-10,Cola,Profit %,Budget,May,67
New York,100-10,Cola,Profit %,Budget,Jun,61
New York,100-10,Cola,Profit %,Budget,Jul,61
New York,100-10,Cola,Profit %,Budget,Aug,62
New York,100-10,Cola,Profit %,Budget,Sep,67
New York,100-10,Cola,Profit %,Budget,Oct,77
New York,100-10,Cola,Profit %,Budget,Nov,76
New York,100-10,Cola,Profit %,Budget,Dec,73
New York,100-10,Cola,Profit %,Variance,Jan,-7
New York,100-10,Cola,Profit %,Variance,Feb,-7
New York,100-10,Cola,Profit %,Variance,Mar,-8
New York,100-10,Cola,Profit %,Variance,Apr,-7
New York,100-10,Cola,Profit %,Variance,May,-8
New York,100-10,Cola,Profit %,Variance,Jun,-8
New York,100-10,Cola,Profit %,Variance,Jul,-9
New York,100-10,Cola,Profit %,Variance,Aug,-9
New York,100-10,Cola,Profit %,Variance,Sep,-7
New York,100-10,Cola,Profit %,Variance,Oct,-10
New York,100-10,Cola,Profit %,Variance,Nov,-7
New York,100-10,Cola,Profit %,Variance,Dec,-8
New York,100-10,Cola,Profit %,Variance %,Jan,-10
New York,100-10,Cola,Profit %,Variance %,Feb,-10
New York,100-10,Cola,Profit %,Variance %,Mar,-11
New York,100-10,Cola,Profit %,Variance %,Apr,-10
New York,100-10,Cola,Profit %,Variance %,May,-12
New York,100-10,Cola,Profit %,Variance %,Jun,-14
New York,100-10,Cola,Profit %,Variance %,Jul,-15
New York,100-10,Cola,Profit %,Variance %,Aug,-15
New York,100-10,Cola,Profit %,Variance %,Sep,-11
New York,100-10,Cola,Profit %,Variance %,Oct,-13
New York,100-10,Cola,Profit %,Variance %,Nov,-9
New York,100-10,Cola,Profit %,Variance %,Dec,-10
New York,100-10,Cola,Profit per Ounce,Actual,Jan,36
New York,100-10,Cola,Profit per Ounce,Actual,Feb,38
New York,100-10,Cola,Profit per Ounce,Actual,Mar,38
New York,100-10,Cola,Profit per Ounce,Actual,Apr,37
New York,100-10,Cola,Profit per Ounce,Actual,May,37
New York,100-10,Cola,Profit per Ounce,Actual,Jun,33
New York,100-10,Cola,Profit per Ounce,Actual,Jul,33
New York,100-10,Cola,Profit per Ounce,Actual,Aug,34
New York,100-10,Cola,Profit per Ounce,Actual,Sep,39
New York,100-10,Cola,Profit per Ounce,Actual,Oct,44
New York,100-10,Cola,Profit per Ounce,Actual,Nov,46
New York,100-10,Cola,Profit per Ounce,Actual,Dec,44
New York,100-10,Cola,Profit per Ounce,Budget,Jan,47
New York,100-10,Cola,Profit per Ounce,Budget,Feb,49
New York,100-10,Cola,Profit per Ounce,Budget,Mar,49
New York,100-10,Cola,Profit per Ounce,Budget,Apr,48
New York,100-10,Cola,Profit per Ounce,Budget,May,48
New York,100-10,Cola,Profit per Ounce,Budget,Jun,44
New York,100-10,Cola,Profit per Ounce,Budget,Jul,45
New York,100-10,Cola,Profit per Ounce,Budget,Aug,46
New York,100-10,Cola,Profit per Ounce,Budget,Sep,50
New York,100-10,Cola,Profit per Ounce,Budget,Oct,58
New York,100-10,Cola,Profit per Ounce,Budget,Nov,58
New York,100-10,Cola,Profit per Ounce,Budget,Dec,57
New York,100-10,Cola,Profit per Ounce,Variance,Jan,-11
New York,100-10,Cola,Profit per Ounce,Variance,Feb,-12
New York,100-10,Cola,Profit per Ounce,Variance,Mar,-12
New York,100-10,Cola,Profit per Ounce,Variance,Apr,-11
New York,100-10,Cola,Profit per Ounce,Variance,May,-12
New York,100-10,Cola,Profit per Ounce,Variance,Jun,-11
New York,100-10,Cola,Profit per Ounce,Variance,Jul,-12
New York,100-10,Cola,Profit per Ounce,Variance,Aug,-12
New York,100-10,Cola,Profit per Ounce,Variance,Sep,-11
New York,100-10,Cola,Profit per Ounce,Variance,Oct,-14
New York,100-10,Cola,Profit per Ounce,Variance,Nov,-12
New York,100-10,Cola,Profit per Ounce,Variance,Dec,-12
New York,100-10,Cola,Profit per Ounce,Variance %,Jan,-23
New York,100-10,Cola,Profit per Ounce,Variance %,Feb,-23
New York,100-10,Cola,Profit per Ounce,Variance %,Mar,-24
New York,100-10,Cola,Profit per Ounce,Variance %,Apr,-23
New York,100-10,Cola,Profit per Ounce,Variance %,May,-24
New York,100-10,Cola,Profit per Ounce,Variance %,Jun,-26
New York,100-10,Cola,Profit per Ounce,Variance %,Jul,-27
New York,100-10,Cola,Profit per Ounce,Variance %,Aug,-26
New York,100-10,Cola,Profit per Ounce,Variance %,Sep,-23
New York,100-10,Cola,Profit per Ounce,Variance %,Oct,-24
New York,100-10,Cola,Profit per Ounce,Variance %,Nov,-21
New York,100-10,Cola,Profit per Ounce,Variance %,Dec,-22
New York,200-10,Old Fashioned,Sales,Actual,Jan,61
New York,200-10,Old Fashioned,Sales,Actual,Feb,61
New York,200-10,Old Fashioned,Sales,Actual,Mar,63
New York,200-10,Old Fashioned,Sales,Actual,Apr,66
New York,200-10,Old Fashioned,Sales,Actual,May,69
New York,200-10,Old Fashioned,Sales,Actual,Jun,72
New York,200-10,Old Fashioned,Sales,Actual,Jul,77
New York,200-10,Old Fashioned,Sales,Actual,Aug,78
New York,200-10,Old Fashioned,Sales,Actual,Sep,68
New York,200-10,Old Fashioned,Sales,Actual,Oct,69
New York,200-10,Old Fashioned,Sales,Actual,Nov,61
New York,200-10,Old Fashioned,Sales,Actual,Dec,66
New York,200-10,Old Fashioned,Sales,Budget,Jan,50
New York,200-10,Old Fashioned,Sales,Budget,Feb,50
New York,200-10,Old Fashioned,Sales,Budget,Mar,60
New York,200-10,Old Fashioned,Sales,Budget,Apr,60
New York,200-10,Old Fashioned,Sales,Budget,May,60
New York,200-10,Old Fashioned,Sales,Budget,Jun,70
New York,200-10,Old Fashioned,Sales,Budget,Jul,70
New York,200-10,Old Fashioned,Sales,Budget,Aug,70
New York,200-10,Old Fashioned,Sales,Budget,Sep,60
New York,200-10,Old Fashioned,Sales,Budget,Oct,50
New York,200-10,Old Fashioned,Sales,Budget,Nov,50
New York,200-10,Old Fashioned,Sales,Budget,Dec,60
New York,200-10,Old Fashioned,Sales,Variance,Jan,11
New York,200-10,Old Fashioned,Sales,Variance,Feb,11
New York,200-10,Old Fashioned,Sales,Variance,Mar,3
New York,200-10,Old Fashioned,Sales,Variance,Apr,6
New York,200-10,Old Fashioned,Sales,Variance,May,9
New York,200-10,Old Fashioned,Sales,Variance,Jun,2
New York,200-10,Old Fashioned,Sales,Variance,Jul,7
New York,200-10,Old Fashioned,Sales,Variance,Aug,8
New York,200-10,Old Fashioned,Sales,Variance,Sep,8
New York,200-10,Old Fashioned,Sales,Variance,Oct,19
New York,200-10,Old Fashioned,Sales,Variance,Nov,11
New York,200-10,Old Fashioned,Sales,Variance,Dec,6
New York,200-10,Old Fashioned,Sales,Variance %,Jan,22
New York,200-10,Old Fashioned,Sales,Variance %,Feb,22
New York,200-10,Old Fashioned,Sales,Variance %,Mar,5
New York,200-10,Old Fashioned,Sales,Variance %,Apr,10
New York,200-10,Old Fashioned,Sales,Variance %,May,15
New York,200-10,Old Fashioned,Sales,Variance %,Jun,3
New York,200-10,Old Fashioned,Sales,Variance %,Jul,10
New York,200-10,Old Fashioned,Sales,Variance %,Aug,11
New York,200-10,Old Fashioned,Sales,Variance %,Sep,13
New York,200-10,Old Fashioned,Sales,Variance %,Oct,38
New York,200-10,Old Fashioned,Sales,Variance %,Nov,22
New York,200-10,Old Fashioned,Sales,Variance %,Dec,10
New York,200-10,Old Fashioned,COGS,Actual,Jan,105
New York,200-10,Old Fashioned,COGS,Actual,Feb,121
New York,200-10,Old Fashioned,COGS,Actual,Mar,125
New York,200-10,Old Fashioned,COGS,Actual,Apr,125
New York,200-10,Old Fashioned,COGS,Actual,May,121
New York,200-10,Old Fashioned,COGS,Actual,Jun,144
New York,200-10,Old Fashioned,COGS,Actual,Jul,162
New York,200-10,Old Fashioned,COGS,Actual,Aug,173
New York,200-10,Old Fashioned,COGS,Actual,Sep,121
New York,200-10,Old Fashioned,COGS,Actual,Oct,125
New York,200-10,Old Fashioned,COGS,Actual,Nov,121
New York,200-10,Old Fashioned,COGS,Actual,Dec,135
New York,200-10,Old Fashioned,COGS,Budget,Jan,100
New York,200-10,Old Fashioned,COGS,Budget,Feb,110
New York,200-10,Old Fashioned,COGS,Budget,Mar,120
New York,200-10,Old Fashioned,COGS,Budget,Apr,120
New York,200-10,Old Fashioned,COGS,Budget,May,110
New York,200-10,Old Fashioned,COGS,Budget,Jun,130
New York,200-10,Old Fashioned,COGS,Budget,Jul,150
New York,200-10,Old Fashioned,COGS,Budget,Aug,160
New York,200-10,Old Fashioned,COGS,Budget,Sep,110
New York,200-10,Old Fashioned,COGS,Budget,Oct,110
New York,200-10,Old Fashioned,COGS,Budget,Nov,110
New York,200-10,Old Fashioned,COGS,Budget,Dec,130
New York,200-10,Old Fashioned,COGS,Variance,Jan,-5
New York,200-10,Old Fashioned,COGS,Variance,Feb,-11
New York,200-10,Old Fashioned,COGS,Variance,Mar,-5
New York,200-10,Old Fashioned,COGS,Variance,Apr,-5
New York,200-10,Old Fashioned,COGS,Variance,May,-11
New York,200-10,Old Fashioned,COGS,Variance,Jun,-14
New York,200-10,Old Fashioned,COGS,Variance,Jul,-12
New York,200-10,Old Fashioned,COGS,Variance,Aug,-13
New York,200-10,Old Fashioned,COGS,Variance,Sep,-11
New York,200-10,Old Fashioned,COGS,Variance,Oct,-15
New York,200-10,Old Fashioned,COGS,Variance,Nov,-11
New York,200-10,Old Fashioned,COGS,Variance,Dec,-5
New York,200-10,Old Fashioned,COGS,Variance %,Jan,-5
New York,200-10,Old Fashioned,COGS,Variance %,Feb,-10
New York,200-10,Old Fashioned,COGS,Variance %,Mar,-4
New York,200-10,Old Fashioned,COGS,Variance %,Apr,-4
New York,200-10,Old Fashioned,COGS,Variance %,May,-10
New York,200-10,Old Fashioned,COGS,Variance %,Jun,-11
New York,200-10,Old Fashioned,COGS,Variance %,Jul,-8
New York,200-10,Old Fashioned,COGS,Variance %,Aug,-8
New York,200-10,Old Fashioned,COGS,Variance %,Sep,-10
New York,200-10,Old Fashioned,COGS,Variance %,Oct,-14
New York,200-10,Old Fashioned,COGS,Variance %,Nov,-10
New York,200-10,Old Fashioned,COGS,Variance %,Dec,-4
New York,200-10,Old Fashioned,Margin %,Actual,Jan,-72
New York,200-10,Old Fashioned,Margin %,Actual,Feb,-98
New York,200-10,Old Fashioned,Margin %,Actual,Mar,-98
New York,200-10,Old Fashioned,Margin %,Actual,Apr,-89
New York,200-10,Old Fashioned,Margin %,Actual,May,-75
New York,200-10,Old Fashioned,Margin %,Actual,Jun,-100
New York,200-10,Old Fashioned,Margin %,Actual,Jul,-110
New York,200-10,Old Fashioned,Margin %,Actual,Aug,-122
New York,200-10,Old Fashioned,Margin %,Actual,Sep,-78
New York,200-10,Old Fashioned,Margin %,Actual,Oct,-81
New York,200-10,Old Fashioned,Margin %,Actual,Nov,-98
New York,200-10,Old Fashioned,Margin %,Actual,Dec,-105
New York,200-10,Old Fashioned,Margin %,Budget,Jan,-100
New York,200-10,Old Fashioned,Margin %,Budget,Feb,-120
New York,200-10,Old Fashioned,Margin %,Budget,Mar,-100
New York,200-10,Old Fashioned,Margin %,Budget,Apr,-100
New York,200-10,Old Fashioned,Margin %,Budget,May,-83
New York,200-10,Old Fashioned,Margin %,Budget,Jun,-86
New York,200-10,Old Fashioned,Margin %,Budget,Jul,-114
New York,200-10,Old Fashioned,Margin %,Budget,Aug,-129
New York,200-10,Old Fashioned,Margin %,Budget,Sep,-83
New York,200-10,Old Fashioned,Margin %,Budget,Oct,-120
New York,200-10,Old Fashioned,Margin %,Budget,Nov,-120
New York,200-10,Old Fashioned,Margin %,Budget,Dec,-117
New York,200-10,Old Fashioned,Margin %,Variance,Jan,28
New York,200-10,Old Fashioned,Margin %,Variance,Feb,22
New York,200-10,Old Fashioned,Margin %,Variance,Mar,2
New York,200-10,Old Fashioned,Margin %,Variance,Apr,11
New York,200-10,Old Fashioned,Margin %,Variance,May,8
New York,200-10,Old Fashioned,Margin %,Variance,Jun,-14
New York,200-10,Old Fashioned,Margin %,Variance,Jul,4
New York,200-10,Old Fashioned,Margin %,Variance,Aug,7
New York,200-10,Old Fashioned,Margin %,Variance,Sep,5
New York,200-10,Old Fashioned,Margin %,Variance,Oct,39
New York,200-10,Old Fashioned,Margin %,Variance,Nov,22
New York,200-10,Old Fashioned,Margin %,Variance,Dec,12
New York,200-10,Old Fashioned,Margin %,Variance %,Jan,28
New York,200-10,Old Fashioned,Margin %,Variance %,Feb,18
New York,200-10,Old Fashioned,Margin %,Variance %,Mar,2
New York,200-10,Old Fashioned,Margin %,Variance %,Apr,11
New York,200-10,Old Fashioned,Margin %,Variance %,May,10
New York,200-10,Old Fashioned,Margin %,Variance %,Jun,-17
New York,200-10,Old Fashioned,Margin %,Variance %,Jul,3
New York,200-10,Old Fashioned,Margin %,Variance %,Aug,5
New York,200-10,Old Fashioned,Margin %,Variance %,Sep,6
New York,200-10,Old Fashioned,Margin %,Variance %,Oct,32
New York,200-10,Old Fashioned,Margin %,Variance %,Nov,18
New York,200-10,Old Fashioned,Margin %,Variance %,Dec,10
New York,200-10,Old Fashioned,Profit %,Actual,Jan,-72
New York,200-10,Old Fashioned,Profit %,Actual,Feb,-98
New York,200-10,Old Fashioned,Profit %,Actual,Mar,-98
New York,200-10,Old Fashioned,Profit %,Actual,Apr,-89
New York,200-10,Old Fashioned,Profit %,Actual,May,-75
New York,200-10,Old Fashioned,Profit %,Actual,Jun,-100
New York,200-10,Old Fashioned,Profit %,Actual,Jul,-110
New York,200-10,Old Fashioned,Profit %,Actual,Aug,-122
New York,200-10,Old Fashioned,Profit %,Actual,Sep,-78
New York,200-10,Old Fashioned,Profit %,Actual,Oct,-81
New York,200-10,Old Fashioned,Profit %,Actual,Nov,-98
New York,200-10,Old Fashioned,Profit %,Actual,Dec,-105
New York,200-10,Old Fashioned,Profit %,Budget,Jan,-100
New York,200-10,Old Fashioned,Profit %,Budget,Feb,-120
New York,200-10,Old Fashioned,Profit %,Budget,Mar,-100
New York,200-10,Old Fashioned,Profit %,Budget,Apr,-100
New York,200-10,Old Fashioned,Profit %,Budget,May,-83
New York,200-10,Old Fashioned,Profit %,Budget,Jun,-86
New York,200-10,Old Fashioned,Profit %,Budget,Jul,-114
New York,200-10,Old Fashioned,Profit %,Budget,Aug,-129
New York,200-10,Old Fashioned,Profit %,Budget,Sep,-83
New York,200-10,Old Fashioned,Profit %,Budget,Oct,-120
New York,200-10,Old Fashioned,Profit %,Budget,Nov,-120
New York,200-10,Old Fashioned,Profit %,Budget,Dec,-117
New York,200-10,Old Fashioned,Profit %,Variance,Jan,28
New York,200-10,Old Fashioned,Profit %,Variance,Feb,22
New York,200-10,Old Fashioned,Profit %,Variance,Mar,2
New York,200-10,Old Fashioned,Profit %,Variance,Apr,11
New York,200-10,Old Fashioned,Profit %,Variance,May,8
New York,200-10,Old Fashioned,Profit %,Variance,Jun,-14
New York,200-10,Old Fashioned,Profit %,Variance,Jul,4
New York,200-10,Old Fashioned,Profit %,Variance,Aug,7
New York,200-10,Old Fashioned,Profit %,Variance,Sep,5
New York,200-10,Old Fashioned,Profit %,Variance,Oct,39
New York,200-10,Old Fashioned,Profit %,Variance,Nov,22
New York,200-10,Old Fashioned,Profit %,Variance,Dec,12
New York,200-10,Old Fashioned,Profit %,Variance %,Jan,28
New York,200-10,Old Fashioned,Profit %,Variance %,Feb,18
New York,200-10,Old Fashioned,Profit %,Variance %,Mar,2
New York,200-10,Old Fashioned,Profit %,Variance %,Apr,11
New York,200-10,Old Fashioned,Profit %,Variance %,May,10
New York,200-10,Old Fashioned,Profit %,Variance %,Jun,-17
New York,200-10,Old Fashioned,Profit %,Variance %,Jul,3
New York,200-10,Old Fashioned,Profit %,Variance %,Aug,5
New York,200-10,Old Fashioned,Profit %,Variance %,Sep,6
New York,200-10,Old Fashioned,Profit %,Variance %,Oct,32
New York,200-10,Old Fashioned,Profit %,Variance %,Nov,18
New York,200-10,Old Fashioned,Profit %,Variance %,Dec,10
New York,200-10,Old Fashioned,Profit per Ounce,Actual,Jan,-4
New York,200-10,Old Fashioned,Profit per Ounce,Actual,Feb,-5
New York,200-10,Old Fashioned,Profit per Ounce,Actual,Mar,-5
New York,200-10,Old Fashioned,Profit per Ounce,Actual,Apr,-5
New York,200-10,Old Fashioned,Profit per Ounce,Actual,May,-4
New York,200-10,Old Fashioned,Profit per Ounce,Actual,Jun,-6
New York,200-10,Old Fashioned,Profit per Ounce,Actual,Jul,-7
New York,200-10,Old Fashioned,Profit per Ounce,Actual,Aug,-8
New York,200-10,Old Fashioned,Profit per Ounce,Actual,Sep,-4
New York,200-10,Old Fashioned,Profit per Ounce,Actual,Oct,-5
New York,200-10,Old Fashioned,Profit per Ounce,Actual,Nov,-5
New York,200-10,Old Fashioned,Profit per Ounce,Actual,Dec,-6
New York,200-10,Old Fashioned,Profit per Ounce,Budget,Jan,-4
New York,200-10,Old Fashioned,Profit per Ounce,Budget,Feb,-5
New York,200-10,Old Fashioned,Profit per Ounce,Budget,Mar,-5
New York,200-10,Old Fashioned,Profit per Ounce,Budget,Apr,-5
New York,200-10,Old Fashioned,Profit per Ounce,Budget,May,-4
New York,200-10,Old Fashioned,Profit per Ounce,Budget,Jun,-5
New York,200-10,Old Fashioned,Profit per Ounce,Budget,Jul,-7
New York,200-10,Old Fashioned,Profit per Ounce,Budget,Aug,-8
New York,200-10,Old Fashioned,Profit per Ounce,Budget,Sep,-4
New York,200-10,Old Fashioned,Profit per Ounce,Budget,Oct,-5
New York,200-10,Old Fashioned,Profit per Ounce,Budget,Nov,-5
New York,200-10,Old Fashioned,Profit per Ounce,Budget,Dec,-6
New York,200-10,Old Fashioned,Profit per Ounce,Variance,Jan,1
New York,200-10,Old Fashioned,Profit per Ounce,Variance,Mar,0
New York,200-10,Old Fashioned,Profit per Ounce,Variance,Apr,0
New York,200-10,Old Fashioned,Profit per Ounce,Variance,May,0
New York,200-10,Old Fashioned,Profit per Ounce,Variance,Jun,-1
New York,200-10,Old Fashioned,Profit per Ounce,Variance,Jul,0
New York,200-10,Old Fashioned,Profit per Ounce,Variance,Aug,0
New York,200-10,Old Fashioned,Profit per Ounce,Variance,Sep,0
New York,200-10,Old Fashioned,Profit per Ounce,Variance,Oct,0
New York,200-10,Old Fashioned,Profit per Ounce,Variance,Dec,0
New York,200-10,Old Fashioned,Profit per Ounce,Variance %,Jan,12
New York,200-10,Old Fashioned,Profit per Ounce,Variance %,Mar,-3
New York,200-10,Old Fashioned,Profit per Ounce,Variance %,Apr,2
New York,200-10,Old Fashioned,Profit per Ounce,Variance %,May,-4
New York,200-10,Old Fashioned,Profit per Ounce,Variance %,Jun,-20
New York,200-10,Old Fashioned,Profit per Ounce,Variance %,Jul,-6
New York,200-10,Old Fashioned,Profit per Ounce,Variance %,Aug,-6
New York,200-10,Old Fashioned,Profit per Ounce,Variance %,Sep,-6
New York,200-10,Old Fashioned,Profit per Ounce,Variance %,Oct,7
New York,200-10,Old Fashioned,Profit per Ounce,Variance %,Dec,1
New York,200-40,Birch Beer,Sales,Actual,Jan,490
New York,200-40,Birch Beer,Sales,Actual,Feb,580
New York,200-40,Birch Beer,Sales,Actual,Mar,523
New York,200-40,Birch Beer,Sales,Actual,Apr,564
New York,200-40,Birch Beer,Sales,Actual,May,543
New York,200-40,Birch Beer,Sales,Actual,Jun,675
New York,200-40,Birch Beer,Sales,Actual,Jul,546
New York,200-40,Birch Beer,Sales,Actual,Aug,543
New York,200-40,Birch Beer,Sales,Actual,Sep,567
New York,200-40,Birch Beer,Sales,Actual,Oct,765
New York,200-40,Birch Beer,Sales,Actual,Nov,675
New York,200-40,Birch Beer,Sales,Actual,Dec,657
New York,200-40,Birch Beer,Sales,Budget,Jan,480
New York,200-40,Birch Beer,Sales,Budget,Feb,560
New York,200-40,Birch Beer,Sales,Budget,Mar,510
New York,200-40,Birch Beer,Sales,Budget,Apr,550
New York,200-40,Birch Beer,Sales,Budget,May,530
New York,200-40,Birch Beer,Sales,Budget,Jun,660
New York,200-40,Birch Beer,Sales,Budget,Jul,530
New York,200-40,Birch Beer,Sales,Budget,Aug,530
New York,200-40,Birch Beer,Sales,Budget,Sep,550
New York,200-40,Birch Beer,Sales,Budget,Oct,720
New York,200-40,Birch Beer,Sales,Budget,Nov,660
New York,200-40,Birch Beer,Sales,Budget,Dec,640
New York,200-40,Birch Beer,Sales,Variance,Jan,10
New York,200-40,Birch Beer,Sales,Variance,Feb,20
New York,200-40,Birch Beer,Sales,Variance,Mar,13
New York,200-40,Birch Beer,Sales,Variance,Apr,14
New York,200-40,Birch Beer,Sales,Variance,May,13
New York,200-40,Birch Beer,Sales,Variance,Jun,15
New York,200-40,Birch Beer,Sales,Variance,Jul,16
New York,200-40,Birch Beer,Sales,Variance,Aug,13
New York,200-40,Birch Beer,Sales,Variance,Sep,17
New York,200-40,Birch Beer,Sales,Variance,Oct,45
New York,200-40,Birch Beer,Sales,Variance,Nov,15
New York,200-40,Birch Beer,Sales,Variance,Dec,17
New York,200-40,Birch Beer,Sales,Variance %,Jan,2
New York,200-40,Birch Beer,Sales,Variance %,Feb,4
New York,200-40,Birch Beer,Sales,Variance %,Mar,3
New York,200-40,Birch Beer,Sales,Variance %,Apr,3
New York,200-40,Birch Beer,Sales,Variance %,May,2
New York,200-40,Birch Beer,Sales,Variance %,Jun,2
New York,200-40,Birch Beer,Sales,Variance %,Jul,3
New York,200-40,Birch Beer,Sales,Variance %,Aug,2
New York,200-40,Birch Beer,Sales,Variance %,Sep,3
New York,200-40,Birch Beer,Sales,Variance %,Oct,6
New York,200-40,Birch Beer,Sales,Variance %,Nov,2
New York,200-40,Birch Beer,Sales,Variance %,Dec,3
New York,200-40,Birch Beer,COGS,Actual,Jan,228
New York,200-40,Birch Beer,COGS,Actual,Feb,228
New York,200-40,Birch Beer,COGS,Actual,Mar,239
New York,200-40,Birch Beer,COGS,Actual,Apr,239
New York,200-40,Birch Beer,COGS,Actual,May,260
New York,200-40,Birch Beer,COGS,Actual,Jun,260
New York,200-40,Birch Beer,COGS,Actual,Jul,266
New York,200-40,Birch Beer,COGS,Actual,Aug,266
New York,200-40,Birch Beer,COGS,Actual,Sep,249
New York,200-40,Birch Beer,COGS,Actual,Oct,239
New York,200-40,Birch Beer,COGS,Actual,Nov,211
New York,200-40,Birch Beer,COGS,Actual,Dec,250
New York,200-40,Birch Beer,COGS,Budget,Jan,210
New York,200-40,Birch Beer,COGS,Budget,Feb,210
New York,200-40,Birch Beer,COGS,Budget,Mar,220
New York,200-40,Birch Beer,COGS,Budget,Apr,220
New York,200-40,Birch Beer,COGS,Budget,May,240
New York,200-40,Birch Beer,COGS,Budget,Jun,240
New York,200-40,Birch Beer,COGS,Budget,Jul,250
New York,200-40,Birch Beer,COGS,Budget,Aug,250
New York,200-40,Birch Beer,COGS,Budget,Sep,230
New York,200-40,Birch Beer,COGS,Budget,Oct,210
New York,200-40,Birch Beer,COGS,Budget,Nov,200
New York,200-40,Birch Beer,COGS,Budget,Dec,240
New York,200-40,Birch Beer,COGS,Variance,Jan,-18
New York,200-40,Birch Beer,COGS,Variance,Feb,-18
New York,200-40,Birch Beer,COGS,Variance,Mar,-19
New York,200-40,Birch Beer,COGS,Variance,Apr,-19
New York,200-40,Birch Beer,COGS,Variance,May,-20
New York,200-40,Birch Beer,COGS,Variance,Jun,-20
New York,200-40,Birch Beer,COGS,Variance,Jul,-16
New York,200-40,Birch Beer,COGS,Variance,Aug,-16
New York,200-40,Birch Beer,COGS,Variance,Sep,-19
New York,200-40,Birch Beer,COGS,Variance,Oct,-29
New York,200-40,Birch Beer,COGS,Variance,Nov,-11
New York,200-40,Birch Beer,COGS,Variance,Dec,-10
New York,200-40,Birch Beer,COGS,Variance %,Jan,-9
New York,200-40,Birch Beer,COGS,Variance %,Feb,-9
New York,200-40,Birch Beer,COGS,Variance %,Mar,-9
New York,200-40,Birch Beer,COGS,Variance %,Apr,-9
New York,200-40,Birch Beer,COGS,Variance %,May,-8
New York,200-40,Birch Beer,COGS,Variance %,Jun,-8
New York,200-40,Birch Beer,COGS,Variance %,Jul,-6
New York,200-40,Birch Beer,COGS,Variance %,Aug,-6
New York,200-40,Birch Beer,COGS,Variance %,Sep,-8
New York,200-40,Birch Beer,COGS,Variance %,Oct,-14
New York,200-40,Birch Beer,COGS,Variance %,Nov,-6
New York,200-40,Birch Beer,COGS,Variance %,Dec,-4
New York,200-40,Birch Beer,Margin %,Actual,Jan,53
New York,200-40,Birch Beer,Margin %,Actual,Feb,61
New York,200-40,Birch Beer,Margin %,Actual,Mar,54
New York,200-40,Birch Beer,Margin %,Actual,Apr,58
New York,200-40,Birch Beer,Margin %,Actual,May,52
New York,200-40,Birch Beer,Margin %,Actual,Jun,61
New York,200-40,Birch Beer,Margin %,Actual,Jul,51
New York,200-40,Birch Beer,Margin %,Actual,Aug,51
New York,200-40,Birch Beer,Margin %,Actual,Sep,56
New York,200-40,Birch Beer,Margin %,Actual,Oct,69
New York,200-40,Birch Beer,Margin %,Actual,Nov,69
New York,200-40,Birch Beer,Margin %,Actual,Dec,62
New York,200-40,Birch Beer,Margin %,Budget,Jan,56
New York,200-40,Birch Beer,Margin %,Budget,Feb,63
New York,200-40,Birch Beer,Margin %,Budget,Mar,57
New York,200-40,Birch Beer,Margin %,Budget,Apr,60
New York,200-40,Birch Beer,Margin %,Budget,May,55
New York,200-40,Birch Beer,Margin %,Budget,Jun,64
New York,200-40,Birch Beer,Margin %,Budget,Jul,53
New York,200-40,Birch Beer,Margin %,Budget,Aug,53
New York,200-40,Birch Beer,Margin %,Budget,Sep,58
New York,200-40,Birch Beer,Margin %,Budget,Oct,71
New York,200-40,Birch Beer,Margin %,Budget,Nov,70
New York,200-40,Birch Beer,Margin %,Budget,Dec,63
New York,200-40,Birch Beer,Margin %,Variance,Jan,-3
New York,200-40,Birch Beer,Margin %,Variance,Feb,-2
New York,200-40,Birch Beer,Margin %,Variance,Mar,-3
New York,200-40,Birch Beer,Margin %,Variance,Apr,-2
New York,200-40,Birch Beer,Margin %,Variance,May,-3
New York,200-40,Birch Beer,Margin %,Variance,Jun,-2
New York,200-40,Birch Beer,Margin %,Variance,Jul,-2
New York,200-40,Birch Beer,Margin %,Variance,Aug,-2
New York,200-40,Birch Beer,Margin %,Variance,Sep,-2
New York,200-40,Birch Beer,Margin %,Variance,Oct,-2
New York,200-40,Birch Beer,Margin %,Variance,Nov,-1
New York,200-40,Birch Beer,Margin %,Variance,Dec,-1
New York,200-40,Birch Beer,Margin %,Variance %,Jan,-5
New York,200-40,Birch Beer,Margin %,Variance %,Feb,-3
New York,200-40,Birch Beer,Margin %,Variance %,Mar,-5
New York,200-40,Birch Beer,Margin %,Variance %,Apr,-4
New York,200-40,Birch Beer,Margin %,Variance %,May,-5
New York,200-40,Birch Beer,Margin %,Variance %,Jun,-3
New York,200-40,Birch Beer,Margin %,Variance %,Jul,-3
New York,200-40,Birch Beer,Margin %,Variance %,Aug,-3
New York,200-40,Birch Beer,Margin %,Variance %,Sep,-4
New York,200-40,Birch Beer,Margin %,Variance %,Oct,-3
New York,200-40,Birch Beer,Margin %,Variance %,Nov,-1
New York,200-40,Birch Beer,Margin %,Variance %,Dec,-1
New York,200-40,Birch Beer,Profit %,Actual,Jan,53
New York,200-40,Birch Beer,Profit %,Actual,Feb,61
New York,200-40,Birch Beer,Profit %,Actual,Mar,54
New York,200-40,Birch Beer,Profit %,Actual,Apr,58
New York,200-40,Birch Beer,Profit %,Actual,May,52
New York,200-40,Birch Beer,Profit %,Actual,Jun,61
New York,200-40,Birch Beer,Profit %,Actual,Jul,51
New York,200-40,Birch Beer,Profit %,Actual,Aug,51
New York,200-40,Birch Beer,Profit %,Actual,Sep,56
New York,200-40,Birch Beer,Profit %,Actual,Oct,69
New York,200-40,Birch Beer,Profit %,Actual,Nov,69
New York,200-40,Birch Beer,Profit %,Actual,Dec,62
New York,200-40,Birch Beer,Profit %,Budget,Jan,56
New York,200-40,Birch Beer,Profit %,Budget,Feb,63
New York,200-40,Birch Beer,Profit %,Budget,Mar,57
New York,200-40,Birch Beer,Profit %,Budget,Apr,60
New York,200-40,Birch Beer,Profit %,Budget,May,55
New York,200-40,Birch Beer,Profit %,Budget,Jun,64
New York,200-40,Birch Beer,Profit %,Budget,Jul,53
New York,200-40,Birch Beer,Profit %,Budget,Aug,53
New York,200-40,Birch Beer,Profit %,Budget,Sep,58
New York,200-40,Birch Beer,Profit %,Budget,Oct,71
New York,200-40,Birch Beer,Profit %,Budget,Nov,70
New York,200-40,Birch Beer,Profit %,Budget,Dec,63
New York,200-40,Birch Beer,Profit %,Variance,Jan,-3
New York,200-40,Birch Beer,Profit %,Variance,Feb,-2
New York,200-40,Birch Beer,Profit %,Variance,Mar,-3
New York,200-40,Birch Beer,Profit %,Variance,Apr,-2
New York,200-40,Birch Beer,Profit %,Variance,May,-3
New York,200-40,Birch Beer,Profit %,Variance,Jun,-2
New York,200-40,Birch Beer,Profit %,Variance,Jul,-2
New York,200-40,Birch Beer,Profit %,Variance,Aug,-2
New York,200-40,Birch Beer,Profit %,Variance,Sep,-2
New York,200-40,Birch Beer,Profit %,Variance,Oct,-2
New York,200-40,Birch Beer,Profit %,Variance,Nov,-1
New York,200-40,Birch Beer,Profit %,Variance,Dec,-1
New York,200-40,Birch Beer,Profit %,Variance %,Jan,-5
New York,200-40,Birch Beer,Profit %,Variance %,Feb,-3
New York,200-40,Birch Beer,Profit %,Variance %,Mar,-5
New York,200-40,Birch Beer,Profit %,Variance %,Apr,-4
New York,200-40,Birch Beer,Profit %,Variance %,May,-5
New York,200-40,Birch Beer,Profit %,Variance %,Jun,-3
New York,200-40,Birch Beer,Profit %,Variance %,Jul,-3
New York,200-40,Birch Beer,Profit %,Variance %,Aug,-3
New York,200-40,Birch Beer,Profit %,Variance %,Sep,-4
New York,200-40,Birch Beer,Profit %,Variance %,Oct,-3
New York,200-40,Birch Beer,Profit %,Variance %,Nov,-1
New York,200-40,Birch Beer,Profit %,Variance %,Dec,-1
New York,200-40,Birch Beer,Profit per Ounce,Actual,Jan,16
New York,200-40,Birch Beer,Profit per Ounce,Actual,Feb,22
New York,200-40,Birch Beer,Profit per Ounce,Actual,Mar,18
New York,200-40,Birch Beer,Profit per Ounce,Actual,Apr,20
New York,200-40,Birch Beer,Profit per Ounce,Actual,May,18
New York,200-40,Birch Beer,Profit per Ounce,Actual,Jun,26
New York,200-40,Birch Beer,Profit per Ounce,Actual,Jul,18
New York,200-40,Birch Beer,Profit per Ounce,Actual,Aug,17
New York,200-40,Birch Beer,Profit per Ounce,Actual,Sep,20
New York,200-40,Birch Beer,Profit per Ounce,Actual,Oct,33
New York,200-40,Birch Beer,Profit per Ounce,Actual,Nov,29
New York,200-40,Birch Beer,Profit per Ounce,Actual,Dec,25
New York,200-40,Birch Beer,Profit per Ounce,Budget,Jan,17
New York,200-40,Birch Beer,Profit per Ounce,Budget,Feb,22
New York,200-40,Birch Beer,Profit per Ounce,Budget,Mar,18
New York,200-40,Birch Beer,Profit per Ounce,Budget,Apr,21
New York,200-40,Birch Beer,Profit per Ounce,Budget,May,18
New York,200-40,Birch Beer,Profit per Ounce,Budget,Jun,26
New York,200-40,Birch Beer,Profit per Ounce,Budget,Jul,18
New York,200-40,Birch Beer,Profit per Ounce,Budget,Aug,18
New York,200-40,Birch Beer,Profit per Ounce,Budget,Sep,20
New York,200-40,Birch Beer,Profit per Ounce,Budget,Oct,32
New York,200-40,Birch Beer,Profit per Ounce,Budget,Nov,29
New York,200-40,Birch Beer,Profit per Ounce,Budget,Dec,25
New York,200-40,Birch Beer,Profit per Ounce,Variance,Jan,-1
New York,200-40,Birch Beer,Profit per Ounce,Variance,Feb,0
New York,200-40,Birch Beer,Profit per Ounce,Variance,Mar,0
New York,200-40,Birch Beer,Profit per Ounce,Variance,Apr,0
New York,200-40,Birch Beer,Profit per Ounce,Variance,May,0
New York,200-40,Birch Beer,Profit per Ounce,Variance,Jun,0
New York,200-40,Birch Beer,Profit per Ounce,Variance,Aug,0
New York,200-40,Birch Beer,Profit per Ounce,Variance,Sep,0
New York,200-40,Birch Beer,Profit per Ounce,Variance,Oct,1
New York,200-40,Birch Beer,Profit per Ounce,Variance,Nov,0
New York,200-40,Birch Beer,Profit per Ounce,Variance,Dec,0
New York,200-40,Birch Beer,Profit per Ounce,Variance %,Jan,-3
New York,200-40,Birch Beer,Profit per Ounce,Variance %,Feb,1
New York,200-40,Birch Beer,Profit per Ounce,Variance %,Mar,-2
New York,200-40,Birch Beer,Profit per Ounce,Variance %,Apr,-2
New York,200-40,Birch Beer,Profit per Ounce,Variance %,May,-2
New York,200-40,Birch Beer,Profit per Ounce,Variance %,Jun,-1
New York,200-40,Birch Beer,Profit per Ounce,Variance %,Aug,-1
New York,200-40,Birch Beer,Profit per Ounce,Variance %,Sep,-1
New York,200-40,Birch Beer,Profit per Ounce,Variance %,Oct,3
New York,200-40,Birch Beer,Profit per Ounce,Variance %,Nov,1
New York,200-40,Birch Beer,Profit per Ounce,Variance %,Dec,2
New York,300-10,Dark Cream,Sales,Actual,Jan,483
New York,300-10,Dark Cream,Sales,Actual,Feb,495
New York,300-10,Dark Cream,Sales,Actual,Mar,513
New York,300-10,Dark Cream,Sales,Actual,Apr,638
New York,300-10,Dark Cream,Sales,Actual,May,651
New York,300-10,Dark Cream,Sales,Actual,Jun,669
New York,300-10,Dark Cream,Sales,Actual,Jul,793
New York,300-10,Dark Cream,Sales,Actual,Aug,653
New York,300-10,Dark Cream,Sales,Actual,Sep,541
New York,300-10,Dark Cream,Sales,Actual,Oct,513
New York,300-10,Dark Cream,Sales,Actual,Nov,576
New York,300-10,Dark Cream,Sales,Actual,Dec,747
New York,300-10,Dark Cream,Sales,Budget,Jan,370
New York,300-10,Dark Cream,Sales,Budget,Feb,380
New York,300-10,Dark Cream,Sales,Budget,Mar,400
New York,300-10,Dark Cream,Sales,Budget,Apr,490
New York,300-10,Dark Cream,Sales,Budget,May,500
New York,300-10,Dark Cream,Sales,Budget,Jun,520
New York,300-10,Dark Cream,Sales,Budget,Jul,610
New York,300-10,Dark Cream,Sales,Budget,Aug,500
New York,300-10,Dark Cream,Sales,Budget,Sep,420
New York,300-10,Dark Cream,Sales,Budget,Oct,290
New York,300-10,Dark Cream,Sales,Budget,Nov,420
New York,300-10,Dark Cream,Sales,Budget,Dec,540
New York,300-10,Dark Cream,Sales,Variance,Jan,113
New York,300-10,Dark Cream,Sales,Variance,Feb,115
New York,300-10,Dark Cream,Sales,Variance,Mar,113
New York,300-10,Dark Cream,Sales,Variance,Apr,148
New York,300-10,Dark Cream,Sales,Variance,May,151
New York,300-10,Dark Cream,Sales,Variance,Jun,149
New York,300-10,Dark Cream,Sales,Variance,Jul,183
New York,300-10,Dark Cream,Sales,Variance,Aug,153
New York,300-10,Dark Cream,Sales,Variance,Sep,121
New York,300-10,Dark Cream,Sales,Variance,Oct,223
New York,300-10,Dark Cream,Sales,Variance,Nov,156
New York,300-10,Dark Cream,Sales,Variance,Dec,207
New York,300-10,Dark Cream,Sales,Variance %,Jan,31
New York,300-10,Dark Cream,Sales,Variance %,Feb,30
New York,300-10,Dark Cream,Sales,Variance %,Mar,28
New York,300-10,Dark Cream,Sales,Variance %,Apr,30
New York,300-10,Dark Cream,Sales,Variance %,May,30
New York,300-10,Dark Cream,Sales,Variance %,Jun,29
New York,300-10,Dark Cream,Sales,Variance %,Jul,30
New York,300-10,Dark Cream,Sales,Variance %,Aug,31
New York,300-10,Dark Cream,Sales,Variance %,Sep,29
New York,300-10,Dark Cream,Sales,Variance %,Oct,77
New York,300-10,Dark Cream,Sales,Variance %,Nov,37
New York,300-10,Dark Cream,Sales,Variance %,Dec,38
New York,300-10,Dark Cream,COGS,Actual,Jan,245
New York,300-10,Dark Cream,COGS,Actual,Feb,240
New York,300-10,Dark Cream,COGS,Actual,Mar,245
New York,300-10,Dark Cream,COGS,Actual,Apr,260
New York,300-10,Dark Cream,COGS,Actual,May,265
New York,300-10,Dark Cream,COGS,Actual,Jun,271
New York,300-10,Dark Cream,COGS,Actual,Jul,270
New York,300-10,Dark Cream,COGS,Actual,Aug,284
New York,300-10,Dark Cream,COGS,Actual,Sep,302
New York,300-10,Dark Cream,COGS,Actual,Oct,255
New York,300-10,Dark Cream,COGS,Actual,Nov,245
New York,300-10,Dark Cream,COGS,Actual,Dec,294
New York,300-10,Dark Cream,COGS,Budget,Jan,180
New York,300-10,Dark Cream,COGS,Budget,Feb,180
New York,300-10,Dark Cream,COGS,Budget,Mar,180
New York,300-10,Dark Cream,COGS,Budget,Apr,190
New York,300-10,Dark Cream,COGS,Budget,May,200
New York,300-10,Dark Cream,COGS,Budget,Jun,200
New York,300-10,Dark Cream,COGS,Budget,Jul,200
New York,300-10,Dark Cream,COGS,Budget,Aug,210
New York,300-10,Dark Cream,COGS,Budget,Sep,220
New York,300-10,Dark Cream,COGS,Budget,Oct,140
New York,300-10,Dark Cream,COGS,Budget,Nov,180
New York,300-10,Dark Cream,COGS,Budget,Dec,220
New York,300-10,Dark Cream,COGS,Variance,Jan,-65
New York,300-10,Dark Cream,COGS,Variance,Feb,-60
New York,300-10,Dark Cream,COGS,Variance,Mar,-65
New York,300-10,Dark Cream,COGS,Variance,Apr,-70
New York,300-10,Dark Cream,COGS,Variance,May,-65
New York,300-10,Dark Cream,COGS,Variance,Jun,-71
New York,300-10,Dark Cream,COGS,Variance,Jul,-70
New York,300-10,Dark Cream,COGS,Variance,Aug,-74
New York,300-10,Dark Cream,COGS,Variance,Sep,-82
New York,300-10,Dark Cream,COGS,Variance,Oct,-115
New York,300-10,Dark Cream,COGS,Variance,Nov,-65
New York,300-10,Dark Cream,COGS,Variance,Dec,-74
New York,300-10,Dark Cream,COGS,Variance %,Jan,-36
New York,300-10,Dark Cream,COGS,Variance %,Feb,-33
New York,300-10,Dark Cream,COGS,Variance %,Mar,-36
New York,300-10,Dark Cream,COGS,Variance %,Apr,-37
New York,300-10,Dark Cream,COGS,Variance %,May,-33
New York,300-10,Dark Cream,COGS,Variance %,Jun,-36
New York,300-10,Dark Cream,COGS,Variance %,Jul,-35
New York,300-10,Dark Cream,COGS,Variance %,Aug,-35
New York,300-10,Dark Cream,COGS,Variance %,Sep,-37
New York,300-10,Dark Cream,COGS,Variance %,Oct,-82
New York,300-10,Dark Cream,COGS,Variance %,Nov,-36
New York,300-10,Dark Cream,COGS,Variance %,Dec,-34
New York,300-10,Dark Cream,Margin %,Actual,Jan,49
New York,300-10,Dark Cream,Margin %,Actual,Feb,52
New York,300-10,Dark Cream,Margin %,Actual,Mar,52
New York,300-10,Dark Cream,Margin %,Actual,Apr,59
New York,300-10,Dark Cream,Margin %,Actual,May,59
New York,300-10,Dark Cream,Margin %,Actual,Jun,59
New York,300-10,Dark Cream,Margin %,Actual,Jul,66
New York,300-10,Dark Cream,Margin %,Actual,Aug,57
New York,300-10,Dark Cream,Margin %,Actual,Sep,44
New York,300-10,Dark Cream,Margin %,Actual,Oct,50
New York,300-10,Dark Cream,Margin %,Actual,Nov,57
New York,300-10,Dark Cream,Margin %,Actual,Dec,61
New York,300-10,Dark Cream,Margin %,Budget,Jan,51
New York,300-10,Dark Cream,Margin %,Budget,Feb,53
New York,300-10,Dark Cream,Margin %,Budget,Mar,55
New York,300-10,Dark Cream,Margin %,Budget,Apr,61
New York,300-10,Dark Cream,Margin %,Budget,May,60
New York,300-10,Dark Cream,Margin %,Budget,Jun,62
New York,300-10,Dark Cream,Margin %,Budget,Jul,67
New York,300-10,Dark Cream,Margin %,Budget,Aug,58
New York,300-10,Dark Cream,Margin %,Budget,Sep,48
New York,300-10,Dark Cream,Margin %,Budget,Oct,52
New York,300-10,Dark Cream,Margin %,Budget,Nov,57
New York,300-10,Dark Cream,Margin %,Budget,Dec,59
New York,300-10,Dark Cream,Margin %,Variance,Jan,-2
New York,300-10,Dark Cream,Margin %,Variance,Feb,-1
New York,300-10,Dark Cream,Margin %,Variance,Mar,-3
New York,300-10,Dark Cream,Margin %,Variance,Apr,-2
New York,300-10,Dark Cream,Margin %,Variance,May,-1
New York,300-10,Dark Cream,Margin %,Variance,Jun,-2
New York,300-10,Dark Cream,Margin %,Variance,Jul,-1
New York,300-10,Dark Cream,Margin %,Variance,Aug,-1
New York,300-10,Dark Cream,Margin %,Variance,Sep,-3
New York,300-10,Dark Cream,Margin %,Variance,Oct,-1
New York,300-10,Dark Cream,Margin %,Variance,Nov,0
New York,300-10,Dark Cream,Margin %,Variance,Dec,1
New York,300-10,Dark Cream,Margin %,Variance %,Jan,-4
New York,300-10,Dark Cream,Margin %,Variance %,Feb,-2
New York,300-10,Dark Cream,Margin %,Variance %,Mar,-5
New York,300-10,Dark Cream,Margin %,Variance %,Apr,-3
New York,300-10,Dark Cream,Margin %,Variance %,May,-1
New York,300-10,Dark Cream,Margin %,Variance %,Jun,-3
New York,300-10,Dark Cream,Margin %,Variance %,Jul,-2
New York,300-10,Dark Cream,Margin %,Variance %,Aug,-3
New York,300-10,Dark Cream,Margin %,Variance %,Sep,-7
New York,300-10,Dark Cream,Margin %,Variance %,Oct,-3
New York,300-10,Dark Cream,Margin %,Variance %,Nov,1
New York,300-10,Dark Cream,Margin %,Variance %,Dec,2
New York,300-10,Dark Cream,Profit %,Actual,Jan,49
New York,300-10,Dark Cream,Profit %,Actual,Feb,52
New York,300-10,Dark Cream,Profit %,Actual,Mar,52
New York,300-10,Dark Cream,Profit %,Actual,Apr,59
New York,300-10,Dark Cream,Profit %,Actual,May,59
New York,300-10,Dark Cream,Profit %,Actual,Jun,59
New York,300-10,Dark Cream,Profit %,Actual,Jul,66
New York,300-10,Dark Cream,Profit %,Actual,Aug,57
New York,300-10,Dark Cream,Profit %,Actual,Sep,44
New York,300-10,Dark Cream,Profit %,Actual,Oct,50
New York,300-10,Dark Cream,Profit %,Actual,Nov,57
New York,300-10,Dark Cream,Profit %,Actual,Dec,61
New York,300-10,Dark Cream,Profit %,Budget,Jan,51
New York,300-10,Dark Cream,Profit %,Budget,Feb,53
New York,300-10,Dark Cream,Profit %,Budget,Mar,55
New York,300-10,Dark Cream,Profit %,Budget,Apr,61
New York,300-10,Dark Cream,Profit %,Budget,May,60
New York,300-10,Dark Cream,Profit %,Budget,Jun,62
New York,300-10,Dark Cream,Profit %,Budget,Jul,67
New York,300-10,Dark Cream,Profit %,Budget,Aug,58
New York,300-10,Dark Cream,Profit %,Budget,Sep,48
New York,300-10,Dark Cream,Profit %,Budget,Oct,52
New York,300-10,Dark Cream,Profit %,Budget,Nov,57
New York,300-10,Dark Cream,Profit %,Budget,Dec,59
New York,300-10,Dark Cream,Profit %,Variance,Jan,-2
New York,300-10,Dark Cream,Profit %,Variance,Feb,-1
New York,300-10,Dark Cream,Profit %,Variance,Mar,-3
New York,300-10,Dark Cream,Profit %,Variance,Apr,-2
New York,300-10,Dark Cream,Profit %,Variance,May,-1
New York,300-10,Dark Cream,Profit %,Variance,Jun,-2
New York,300-10,Dark Cream,Profit %,Variance,Jul,-1
New York,300-10,Dark Cream,Profit %,Variance,Aug,-1
New York,300-10,Dark Cream,Profit %,Variance,Sep,-3
New York,300-10,Dark Cream,Profit %,Variance,Oct,-1
New York,300-10,Dark Cream,Profit %,Variance,Nov,0
New York,300-10,Dark Cream,Profit %,Variance,Dec,1
New York,300-10,Dark Cream,Profit %,Variance %,Jan,-4
New York,300-10,Dark Cream,Profit %,Variance %,Feb,-2
New York,300-10,Dark Cream,Profit %,Variance %,Mar,-5
New York,300-10,Dark Cream,Profit %,Variance %,Apr,-3
New York,300-10,Dark Cream,Profit %,Variance %,May,-1
New York,300-10,Dark Cream,Profit %,Variance %,Jun,-3
New York,300-10,Dark Cream,Profit %,Variance %,Jul,-2
New York,300-10,Dark Cream,Profit %,Variance %,Aug,-3
New York,300-10,Dark Cream,Profit %,Variance %,Sep,-7
New York,300-10,Dark Cream,Profit %,Variance %,Oct,-3
New York,300-10,Dark Cream,Profit %,Variance %,Nov,1
New York,300-10,Dark Cream,Profit %,Variance %,Dec,2
New York,300-10,Dark Cream,Profit per Ounce,Actual,Jan,12
New York,300-10,Dark Cream,Profit per Ounce,Actual,Feb,13
New York,300-10,Dark Cream,Profit per Ounce,Actual,Mar,13
New York,300-10,Dark Cream,Profit per Ounce,Actual,Apr,19
New York,300-10,Dark Cream,Profit per Ounce,Actual,May,19
New York,300-10,Dark Cream,Profit per Ounce,Actual,Jun,20
New York,300-10,Dark Cream,Profit per Ounce,Actual,Jul,26
New York,300-10,Dark Cream,Profit per Ounce,Actual,Aug,18
New York,300-10,Dark Cream,Profit per Ounce,Actual,Sep,12
New York,300-10,Dark Cream,Profit per Ounce,Actual,Oct,13
New York,300-10,Dark Cream,Profit per Ounce,Actual,Nov,17
New York,300-10,Dark Cream,Profit per Ounce,Actual,Dec,23
New York,300-10,Dark Cream,Profit per Ounce,Budget,Jan,10
New York,300-10,Dark Cream,Profit per Ounce,Budget,Feb,10
New York,300-10,Dark Cream,Profit per Ounce,Budget,Mar,11
New York,300-10,Dark Cream,Profit per Ounce,Budget,Apr,15
New York,300-10,Dark Cream,Profit per Ounce,Budget,May,15
New York,300-10,Dark Cream,Profit per Ounce,Budget,Jun,16
New York,300-10,Dark Cream,Profit per Ounce,Budget,Jul,21
New York,300-10,Dark Cream,Profit per Ounce,Budget,Aug,15
New York,300-10,Dark Cream,Profit per Ounce,Budget,Sep,10
New York,300-10,Dark Cream,Profit per Ounce,Budget,Oct,8
New York,300-10,Dark Cream,Profit per Ounce,Budget,Nov,12
New York,300-10,Dark Cream,Profit per Ounce,Budget,Dec,16
New York,300-10,Dark Cream,Profit per Ounce,Variance,Jan,2
New York,300-10,Dark Cream,Profit per Ounce,Variance,Feb,3
New York,300-10,Dark Cream,Profit per Ounce,Variance,Mar,2
New York,300-10,Dark Cream,Profit per Ounce,Variance,Apr,4
New York,300-10,Dark Cream,Profit per Ounce,Variance,May,4
New York,300-10,Dark Cream,Profit per Ounce,Variance,Jun,4
New York,300-10,Dark Cream,Profit per Ounce,Variance,Jul,6
New York,300-10,Dark Cream,Profit per Ounce,Variance,Aug,4
New York,300-10,Dark Cream,Profit per Ounce,Variance,Sep,2
New York,300-10,Dark Cream,Profit per Ounce,Variance,Oct,5
New York,300-10,Dark Cream,Profit per Ounce,Variance,Nov,5
New York,300-10,Dark Cream,Profit per Ounce,Variance,Dec,7
New York,300-10,Dark Cream,Profit per Ounce,Variance %,Jan,25
New York,300-10,Dark Cream,Profit per Ounce,Variance %,Feb,28
New York,300-10,Dark Cream,Profit per Ounce,Variance %,Mar,22
New York,300-10,Dark Cream,Profit per Ounce,Variance %,Apr,26
New York,300-10,Dark Cream,Profit per Ounce,Variance %,May,29
New York,300-10,Dark Cream,Profit per Ounce,Variance %,Jun,24
New York,300-10,Dark Cream,Profit per Ounce,Variance %,Jul,28
New York,300-10,Dark Cream,Profit per Ounce,Variance %,Aug,27
New York,300-10,Dark Cream,Profit per Ounce,Variance %,Sep,19
New York,300-10,Dark Cream,Profit per Ounce,Variance %,Oct,72
New York,300-10,Dark Cream,Profit per Ounce,Variance %,Nov,38
New York,300-10,Dark Cream,Profit per Ounce,Variance %,Dec,42
New York,300-20,Vanilla Cream,Sales,Actual,Jan,180
New York,300-20,Vanilla Cream,Sales,Actual,Feb,180
New York,300-20,Vanilla Cream,Sales,Actual,Mar,182
New York,300-20,Vanilla Cream,Sales,Actual,Apr,189
New York,300-20,Vanilla Cream,Sales,Actual,May,198
New York,300-20,Vanilla Cream,Sales,Actual,Jun,198
New York,300-20,Vanilla Cream,Sales,Actual,Jul,198
New York,300-20,Vanilla Cream,Sales,Actual,Aug,124
New York,300-20,Vanilla Cream,Sales,Actual,Sep,112
New York,300-20,Vanilla Cream,Sales,Actual,Oct,164
New York,300-20,Vanilla Cream,Sales,Actual,Nov,160
New York,300-20,Vanilla Cream,Sales,Actual,Dec,148
New York,300-20,Vanilla Cream,Sales,Budget,Jan,140
New York,300-20,Vanilla Cream,Sales,Budget,Feb,140
New York,300-20,Vanilla Cream,Sales,Budget,Mar,140
New York,300-20,Vanilla Cream,Sales,Budget,Apr,140
New York,300-20,Vanilla Cream,Sales,Budget,May,150
New York,300-20,Vanilla Cream,Sales,Budget,Jun,150
New York,300-20,Vanilla Cream,Sales,Budget,Jul,150
New York,300-20,Vanilla Cream,Sales,Budget,Aug,90
New York,300-20,Vanilla Cream,Sales,Budget,Sep,80
New York,300-20,Vanilla Cream,Sales,Budget,Oct,80
New York,300-20,Vanilla Cream,Sales,Budget,Nov,110
New York,300-20,Vanilla Cream,Sales,Budget,Dec,100
New York,300-20,Vanilla Cream,Sales,Variance,Jan,40
New York,300-20,Vanilla Cream,Sales,Variance,Feb,40
New York,300-20,Vanilla Cream,Sales,Variance,Mar,42
New York,300-20,Vanilla Cream,Sales,Variance,Apr,49
New York,300-20,Vanilla Cream,Sales,Variance,May,48
New York,300-20,Vanilla Cream,Sales,Variance,Jun,48
New York,300-20,Vanilla Cream,Sales,Variance,Jul,48
New York,300-20,Vanilla Cream,Sales,Variance,Aug,34
New York,300-20,Vanilla Cream,Sales,Variance,Sep,32
New York,300-20,Vanilla Cream,Sales,Variance,Oct,84
New York,300-20,Vanilla Cream,Sales,Variance,Nov,50
New York,300-20,Vanilla Cream,Sales,Variance,Dec,48
New York,300-20,Vanilla Cream,Sales,Variance %,Jan,29
New York,300-20,Vanilla Cream,Sales,Variance %,Feb,29
New York,300-20,Vanilla Cream,Sales,Variance %,Mar,30
New York,300-20,Vanilla Cream,Sales,Variance %,Apr,35
New York,300-20,Vanilla Cream,Sales,Variance %,May,32
New York,300-20,Vanilla Cream,Sales,Variance %,Jun,32
New York,300-20,Vanilla Cream,Sales,Variance %,Jul,32
New York,300-20,Vanilla Cream,Sales,Variance %,Aug,38
New York,300-20,Vanilla Cream,Sales,Variance %,Sep,40
New York,300-20,Vanilla Cream,Sales,Variance %,Oct,105
New York,300-20,Vanilla Cream,Sales,Variance %,Nov,45
New York,300-20,Vanilla Cream,Sales,Variance %,Dec,48
New York,300-20,Vanilla Cream,COGS,Actual,Jan,207
New York,300-20,Vanilla Cream,COGS,Actual,Feb,213
New York,300-20,Vanilla Cream,COGS,Actual,Mar,214
New York,300-20,Vanilla Cream,COGS,Actual,Apr,209
New York,300-20,Vanilla Cream,COGS,Actual,May,235
New York,300-20,Vanilla Cream,COGS,Actual,Jun,244
New York,300-20,Vanilla Cream,COGS,Actual,Jul,260
New York,300-20,Vanilla Cream,COGS,Actual,Aug,311
New York,300-20,Vanilla Cream,COGS,Actual,Sep,251
New York,300-20,Vanilla Cream,COGS,Actual,Oct,239
New York,300-20,Vanilla Cream,COGS,Actual,Nov,225
New York,300-20,Vanilla Cream,COGS,Actual,Dec,241
New York,300-20,Vanilla Cream,COGS,Budget,Jan,150
New York,300-20,Vanilla Cream,COGS,Budget,Feb,160
New York,300-20,Vanilla Cream,COGS,Budget,Mar,160
New York,300-20,Vanilla Cream,COGS,Budget,Apr,150
New York,300-20,Vanilla Cream,COGS,Budget,May,170
New York,300-20,Vanilla Cream,COGS,Budget,Jun,180
New York,300-20,Vanilla Cream,COGS,Budget,Jul,190
New York,300-20,Vanilla Cream,COGS,Budget,Aug,230
New York,300-20,Vanilla Cream,COGS,Budget,Sep,190
New York,300-20,Vanilla Cream,COGS,Budget,Oct,130
New York,300-20,Vanilla Cream,COGS,Budget,Nov,160
New York,300-20,Vanilla Cream,COGS,Budget,Dec,180
New York,300-20,Vanilla Cream,COGS,Variance,Jan,-57
New York,300-20,Vanilla Cream,COGS,Variance,Feb,-53
New York,300-20,Vanilla Cream,COGS,Variance,Mar,-54
New York,300-20,Vanilla Cream,COGS,Variance,Apr,-59
New York,300-20,Vanilla Cream,COGS,Variance,May,-65
New York,300-20,Vanilla Cream,COGS,Variance,Jun,-64
New York,300-20,Vanilla Cream,COGS,Variance,Jul,-70
New York,300-20,Vanilla Cream,COGS,Variance,Aug,-81
New York,300-20,Vanilla Cream,COGS,Variance,Sep,-61
New York,300-20,Vanilla Cream,COGS,Variance,Oct,-109
New York,300-20,Vanilla Cream,COGS,Variance,Nov,-65
New York,300-20,Vanilla Cream,COGS,Variance,Dec,-61
New York,300-20,Vanilla Cream,COGS,Variance %,Jan,-38
New York,300-20,Vanilla Cream,COGS,Variance %,Feb,-33
New York,300-20,Vanilla Cream,COGS,Variance %,Mar,-34
New York,300-20,Vanilla Cream,COGS,Variance %,Apr,-39
New York,300-20,Vanilla Cream,COGS,Variance %,May,-38
New York,300-20,Vanilla Cream,COGS,Variance %,Jun,-36
New York,300-20,Vanilla Cream,COGS,Variance %,Jul,-37
New York,300-20,Vanilla Cream,COGS,Variance %,Aug,-35
New York,300-20,Vanilla Cream,COGS,Variance %,Sep,-32
New York,300-20,Vanilla Cream,COGS,Variance %,Oct,-84
New York,300-20,Vanilla Cream,COGS,Variance %,Nov,-41
New York,300-20,Vanilla Cream,COGS,Variance %,Dec,-34
New York,300-20,Vanilla Cream,Margin %,Actual,Jan,-15
New York,300-20,Vanilla Cream,Margin %,Actual,Feb,-18
New York,300-20,Vanilla Cream,Margin %,Actual,Mar,-18
New York,300-20,Vanilla Cream,Margin %,Actual,Apr,-11
New York,300-20,Vanilla Cream,Margin %,Actual,May,-19
New York,300-20,Vanilla Cream,Margin %,Actual,Jun,-23
New York,300-20,Vanilla Cream,Margin %,Actual,Jul,-31
New York,300-20,Vanilla Cream,Margin %,Actual,Aug,-151
New York,300-20,Vanilla Cream,Margin %,Actual,Sep,-124
New York,300-20,Vanilla Cream,Margin %,Actual,Oct,-46
New York,300-20,Vanilla Cream,Margin %,Actual,Nov,-41
New York,300-20,Vanilla Cream,Margin %,Actual,Dec,-63
New York,300-20,Vanilla Cream,Margin %,Budget,Jan,-7
New York,300-20,Vanilla Cream,Margin %,Budget,Feb,-14
New York,300-20,Vanilla Cream,Margin %,Budget,Mar,-14
New York,300-20,Vanilla Cream,Margin %,Budget,Apr,-7
New York,300-20,Vanilla Cream,Margin %,Budget,May,-13
New York,300-20,Vanilla Cream,Margin %,Budget,Jun,-20
New York,300-20,Vanilla Cream,Margin %,Budget,Jul,-27
New York,300-20,Vanilla Cream,Margin %,Budget,Aug,-156
New York,300-20,Vanilla Cream,Margin %,Budget,Sep,-138
New York,300-20,Vanilla Cream,Margin %,Budget,Oct,-63
New York,300-20,Vanilla Cream,Margin %,Budget,Nov,-45
New York,300-20,Vanilla Cream,Margin %,Budget,Dec,-80
New York,300-20,Vanilla Cream,Margin %,Variance,Jan,-8
New York,300-20,Vanilla Cream,Margin %,Variance,Feb,-4
New York,300-20,Vanilla Cream,Margin %,Variance,Mar,-3
New York,300-20,Vanilla Cream,Margin %,Variance,Apr,-3
New York,300-20,Vanilla Cream,Margin %,Variance,May,-5
New York,300-20,Vanilla Cream,Margin %,Variance,Jun,-3
New York,300-20,Vanilla Cream,Margin %,Variance,Jul,-5
New York,300-20,Vanilla Cream,Margin %,Variance,Aug,5
New York,300-20,Vanilla Cream,Margin %,Variance,Sep,13
New York,300-20,Vanilla Cream,Margin %,Variance,Oct,17
New York,300-20,Vanilla Cream,Margin %,Variance,Nov,5
New York,300-20,Vanilla Cream,Margin %,Variance,Dec,17
New York,300-20,Vanilla Cream,Margin %,Variance %,Jan,-110
New York,300-20,Vanilla Cream,Margin %,Variance %,Feb,-28
New York,300-20,Vanilla Cream,Margin %,Variance %,Mar,-23
New York,300-20,Vanilla Cream,Margin %,Variance %,Apr,-48
New York,300-20,Vanilla Cream,Margin %,Variance %,May,-40
New York,300-20,Vanilla Cream,Margin %,Variance %,Jun,-16
New York,300-20,Vanilla Cream,Margin %,Variance %,Jul,-17
New York,300-20,Vanilla Cream,Margin %,Variance %,Aug,3
New York,300-20,Vanilla Cream,Margin %,Variance %,Sep,10
New York,300-20,Vanilla Cream,Margin %,Variance %,Oct,27
New York,300-20,Vanilla Cream,Margin %,Variance %,Nov,11
New York,300-20,Vanilla Cream,Margin %,Variance %,Dec,21
New York,300-20,Vanilla Cream,Profit %,Actual,Jan,-15
New York,300-20,Vanilla Cream,Profit %,Actual,Feb,-18
New York,300-20,Vanilla Cream,Profit %,Actual,Mar,-18
New York,300-20,Vanilla Cream,Profit %,Actual,Apr,-11
New York,300-20,Vanilla Cream,Profit %,Actual,May,-19
New York,300-20,Vanilla Cream,Profit %,Actual,Jun,-23
New York,300-20,Vanilla Cream,Profit %,Actual,Jul,-31
New York,300-20,Vanilla Cream,Profit %,Actual,Aug,-151
New York,300-20,Vanilla Cream,Profit %,Actual,Sep,-124
New York,300-20,Vanilla Cream,Profit %,Actual,Oct,-46
New York,300-20,Vanilla Cream,Profit %,Actual,Nov,-41
New York,300-20,Vanilla Cream,Profit %,Actual,Dec,-63
New York,300-20,Vanilla Cream,Profit %,Budget,Jan,-7
New York,300-20,Vanilla Cream,Profit %,Budget,Feb,-14
New York,300-20,Vanilla Cream,Profit %,Budget,Mar,-14
New York,300-20,Vanilla Cream,Profit %,Budget,Apr,-7
New York,300-20,Vanilla Cream,Profit %,Budget,May,-13
New York,300-20,Vanilla Cream,Profit %,Budget,Jun,-20
New York,300-20,Vanilla Cream,Profit %,Budget,Jul,-27
New York,300-20,Vanilla Cream,Profit %,Budget,Aug,-156
New York,300-20,Vanilla Cream,Profit %,Budget,Sep,-138
New York,300-20,Vanilla Cream,Profit %,Budget,Oct,-63
New York,300-20,Vanilla Cream,Profit %,Budget,Nov,-45
New York,300-20,Vanilla Cream,Profit %,Budget,Dec,-80
New York,300-20,Vanilla Cream,Profit %,Variance,Jan,-8
New York,300-20,Vanilla Cream,Profit %,Variance,Feb,-4
New York,300-20,Vanilla Cream,Profit %,Variance,Mar,-3
New York,300-20,Vanilla Cream,Profit %,Variance,Apr,-3
New York,300-20,Vanilla Cream,Profit %,Variance,May,-5
New York,300-20,Vanilla Cream,Profit %,Variance,Jun,-3
New York,300-20,Vanilla Cream,Profit %,Variance,Jul,-5
New York,300-20,Vanilla Cream,Profit %,Variance,Aug,5
New York,300-20,Vanilla Cream,Profit %,Variance,Sep,13
New York,300-20,Vanilla Cream,Profit %,Variance,Oct,17
New York,300-20,Vanilla Cream,Profit %,Variance,Nov,5
New York,300-20,Vanilla Cream,Profit %,Variance,Dec,17
New York,300-20,Vanilla Cream,Profit %,Variance %,Jan,-110
New York,300-20,Vanilla Cream,Profit %,Variance %,Feb,-28
New York,300-20,Vanilla Cream,Profit %,Variance %,Mar,-23
New York,300-20,Vanilla Cream,Profit %,Variance %,Apr,-48
New York,300-20,Vanilla Cream,Profit %,Variance %,May,-40
New York,300-20,Vanilla Cream,Profit %,Variance %,Jun,-16
New York,300-20,Vanilla Cream,Profit %,Variance %,Jul,-17
New York,300-20,Vanilla Cream,Profit %,Variance %,Aug,3
New York,300-20,Vanilla Cream,Profit %,Variance %,Sep,10
New York,300-20,Vanilla Cream,Profit %,Variance %,Oct,27
New York,300-20,Vanilla Cream,Profit %,Variance %,Nov,11
New York,300-20,Vanilla Cream,Profit %,Variance %,Dec,21
New York,300-20,Vanilla Cream,Profit per Ounce,Actual,Jan,-1
New York,300-20,Vanilla Cream,Profit per Ounce,Actual,Feb,-2
New York,300-20,Vanilla Cream,Profit per Ounce,Actual,Mar,-2
New York,300-20,Vanilla Cream,Profit per Ounce,Actual,Apr,-1
New York,300-20,Vanilla Cream,Profit per Ounce,Actual,May,-2
New York,300-20,Vanilla Cream,Profit per Ounce,Actual,Jun,-2
New York,300-20,Vanilla Cream,Profit per Ounce,Actual,Jul,-3
New York,300-20,Vanilla Cream,Profit per Ounce,Actual,Aug,-9
New York,300-20,Vanilla Cream,Profit per Ounce,Actual,Sep,-7
New York,300-20,Vanilla Cream,Profit per Ounce,Actual,Oct,-4
New York,300-20,Vanilla Cream,Profit per Ounce,Actual,Nov,-3
New York,300-20,Vanilla Cream,Profit per Ounce,Actual,Dec,-5
New York,300-20,Vanilla Cream,Profit per Ounce,Budget,Jan,-1
New York,300-20,Vanilla Cream,Profit per Ounce,Budget,Feb,-1
New York,300-20,Vanilla Cream,Profit per Ounce,Budget,Mar,-1
New York,300-20,Vanilla Cream,Profit per Ounce,Budget,Apr,-1
New York,300-20,Vanilla Cream,Profit per Ounce,Budget,May,-1
New York,300-20,Vanilla Cream,Profit per Ounce,Budget,Jun,-2
New York,300-20,Vanilla Cream,Profit per Ounce,Budget,Jul,-2
New York,300-20,Vanilla Cream,Profit per Ounce,Budget,Aug,-7
New York,300-20,Vanilla Cream,Profit per Ounce,Budget,Sep,-6
New York,300-20,Vanilla Cream,Profit per Ounce,Budget,Oct,-3
New York,300-20,Vanilla Cream,Profit per Ounce,Budget,Nov,-3
New York,300-20,Vanilla Cream,Profit per Ounce,Budget,Dec,-4
New York,300-20,Vanilla Cream,Profit per Ounce,Variance,Jan,-1
New York,300-20,Vanilla Cream,Profit per Ounce,Variance,Feb,-1
New York,300-20,Vanilla Cream,Profit per Ounce,Variance,Mar,-1
New York,300-20,Vanilla Cream,Profit per Ounce,Variance,Apr,-1
New York,300-20,Vanilla Cream,Profit per Ounce,Variance,May,-1
New York,300-20,Vanilla Cream,Profit per Ounce,Variance,Jun,-1
New York,300-20,Vanilla Cream,Profit per Ounce,Variance,Jul,-1
New York,300-20,Vanilla Cream,Profit per Ounce,Variance,Aug,-2
New York,300-20,Vanilla Cream,Profit per Ounce,Variance,Sep,-1
New York,300-20,Vanilla Cream,Profit per Ounce,Variance,Oct,-1
New York,300-20,Vanilla Cream,Profit per Ounce,Variance,Nov,-1
New York,300-20,Vanilla Cream,Profit per Ounce,Variance,Dec,-1
New York,300-20,Vanilla Cream,Profit per Ounce,Variance %,Jan,-170
New York,300-20,Vanilla Cream,Profit per Ounce,Variance %,Feb,-65
New York,300-20,Vanilla Cream,Profit per Ounce,Variance %,Mar,-60
New York,300-20,Vanilla Cream,Profit per Ounce,Variance %,Apr,-100
New York,300-20,Vanilla Cream,Profit per Ounce,Variance %,May,-85
New York,300-20,Vanilla Cream,Profit per Ounce,Variance %,Jun,-53
New York,300-20,Vanilla Cream,Profit per Ounce,Variance %,Jul,-55
New York,300-20,Vanilla Cream,Profit per Ounce,Variance %,Aug,-34
New York,300-20,Vanilla Cream,Profit per Ounce,Variance %,Sep,-26
New York,300-20,Vanilla Cream,Profit per Ounce,Variance %,Oct,-50
New York,300-20,Vanilla Cream,Profit per Ounce,Variance %,Nov,-30
New York,300-20,Vanilla Cream,Profit per Ounce,Variance %,Dec,-16
New York,400-10,Grape,Sales,Actual,Jan,234
New York,400-10,Grape,Sales,Actual,Feb,232
New York,400-10,Grape,Sales,Actual,Mar,234
New York,400-10,Grape,Sales,Actual,Apr,245
New York,400-10,Grape,Sales,Actual,May,256
New York,400-10,Grape,Sales,Actual,Jun,301
New York,400-10,Grape,Sales,Actual,Jul,312
New York,400-10,Grape,Sales,Actual,Aug,323
New York,400-10,Grape,Sales,Actual,Sep,245
New York,400-10,Grape,Sales,Actual,Oct,265
New York,400-10,Grape,Sales,Actual,Nov,198
New York,400-10,Grape,Sales,Actual,Dec,210
New York,400-10,Grape,Sales,Budget,Jan,250
New York,400-10,Grape,Sales,Budget,Feb,250
New York,400-10,Grape,Sales,Budget,Mar,250
New York,400-10,Grape,Sales,Budget,Apr,260
New York,400-10,Grape,Sales,Budget,May,270
New York,400-10,Grape,Sales,Budget,Jun,320
New York,400-10,Grape,Sales,Budget,Jul,330
New York,400-10,Grape,Sales,Budget,Aug,340
New York,400-10,Grape,Sales,Budget,Sep,260
New York,400-10,Grape,Sales,Budget,Oct,280
New York,400-10,Grape,Sales,Budget,Nov,200
New York,400-10,Grape,Sales,Budget,Dec,210
New York,400-10,Grape,Sales,Variance,Jan,-16
New York,400-10,Grape,Sales,Variance,Feb,-18
New York,400-10,Grape,Sales,Variance,Mar,-16
New York,400-10,Grape,Sales,Variance,Apr,-15
New York,400-10,Grape,Sales,Variance,May,-14
New York,400-10,Grape,Sales,Variance,Jun,-19
New York,400-10,Grape,Sales,Variance,Jul,-18
New York,400-10,Grape,Sales,Variance,Aug,-17
New York,400-10,Grape,Sales,Variance,Sep,-15
New York,400-10,Grape,Sales,Variance,Oct,-15
New York,400-10,Grape,Sales,Variance,Nov,-2
New York,400-10,Grape,Sales,Variance %,Jan,-6
New York,400-10,Grape,Sales,Variance %,Feb,-7
New York,400-10,Grape,Sales,Variance %,Mar,-6
New York,400-10,Grape,Sales,Variance %,Apr,-6
New York,400-10,Grape,Sales,Variance %,May,-5
New York,400-10,Grape,Sales,Variance %,Jun,-6
New York,400-10,Grape,Sales,Variance %,Jul,-5
New York,400-10,Grape,Sales,Variance %,Aug,-5
New York,400-10,Grape,Sales,Variance %,Sep,-6
New York,400-10,Grape,Sales,Variance %,Oct,-5
New York,400-10,Grape,Sales,Variance %,Nov,-1
New York,400-10,Grape,COGS,Actual,Jan,95
New York,400-10,Grape,COGS,Actual,Feb,95
New York,400-10,Grape,COGS,Actual,Mar,95
New York,400-10,Grape,COGS,Actual,Apr,100
New York,400-10,Grape,COGS,Actual,May,104
New York,400-10,Grape,COGS,Actual,Jun,123
New York,400-10,Grape,COGS,Actual,Jul,127
New York,400-10,Grape,COGS,Actual,Aug,132
New York,400-10,Grape,COGS,Actual,Sep,100
New York,400-10,Grape,COGS,Actual,Oct,108
New York,400-10,Grape,COGS,Actual,Nov,81
New York,400-10,Grape,COGS,Actual,Dec,86
New York,400-10,Grape,COGS,Budget,Jan,100
New York,400-10,Grape,COGS,Budget,Feb,100
New York,400-10,Grape,COGS,Budget,Mar,100
New York,400-10,Grape,COGS,Budget,Apr,100
New York,400-10,Grape,COGS,Budget,May,110
New York,400-10,Grape,COGS,Budget,Jun,130
New York,400-10,Grape,COGS,Budget,Jul,130
New York,400-10,Grape,COGS,Budget,Aug,130
New York,400-10,Grape,COGS,Budget,Sep,100
New York,400-10,Grape,COGS,Budget,Oct,110
New York,400-10,Grape,COGS,Budget,Nov,80
New York,400-10,Grape,COGS,Budget,Dec,90
New York,400-10,Grape,COGS,Variance,Jan,5
New York,400-10,Grape,COGS,Variance,Feb,5
New York,400-10,Grape,COGS,Variance,Mar,5
New York,400-10,Grape,COGS,Variance,May,6
New York,400-10,Grape,COGS,Variance,Jun,7
New York,400-10,Grape,COGS,Variance,Jul,3
