Gen2,Gen3,Gen3Alias,Gen3dataStorage,Gen3twoPassCalc,Gen3consolidation,Gen3uda,Gen4,Gen4Alias,Gen4dataStorage,Gen4twoPassCalc,Gen4consolidation,Gen4uda,Gen4AttrPar,GEN4Population
Market,Non-US,,S,,~,Major Market,,,S,,+,Major Market,Large,
Market,Non-US,,S,,~,Major Market,North America,,S,,+,Major Market,Large,33000000
Market,Non-US,,S,,~,Major Market,South America,,S,,+,Major Market,Large,33000000
Market,Non-US,,S,,~,Major Market,EMEA,,S,,+,Major Market,Large,33000000
Market,Non-US,,S,,~,Major Market,APAC,,S,,+,Major Market,Large,33000000
