memberName,parentName,alias,dataStorage,twoPassCalc,consolidation,uda,comment,formula,timebalance,timebalanceskip,VarReporting,CurrConv,currConvcategory,Population
Profit,Measures,,X,,+,,,,,,,0,,
Margin,Profit,,X,,+,,,,,,,0,,
Sales,Margin,,S,,+,,,,,,,0,,
COGS,Margin,,S,,-,,,,,,E,0,,
Total Expenses,Profit,,X,,-,,,,,,E,0,,
Marketing,Total Expenses,,S,,+,,,,,,E,0,,
Payroll,Total Expenses,,S,,+,,,,,,E,0,,
Misc,Total Expenses,,S,,+,,,,,,E,0,,
Inventory,Measures,,O,,~,,,,,,,0,,
Opening Inventory,Inventory,,S,,+,,,"IF(NOT @ISMBR(Jan))\""Opening Inventory\""=@PRIOR(\""Ending Inventory\""); ENDIF; ""Ending Inventory""=""Opening Inventory""+Additions-Sales;",F,,E,0,,
Additions,Inventory,,S,,~,,,,,,E,0,,
Ending Inventory,Inventory,,S,,~,,,,L,,E,0,,
Ratios,Measures,,O,,~,,,,,,,0,,
Margin %,Ratios,,X,T,+,,,Margin % Sales;,,,,0,,
Profit %,Ratios,,X,T,~,,,Profit % Sales;,,,,0,,
Profit per Ounce,Ratios,,X,T,~,,,Profit/@ATTRIBUTEVAL(@NAME(Ounces));,,,,0
