Market,Product,scenario,year,cogs,sales
New York,100-10,Actual,Jan,271,700
New York,100-10,Actual,Feb,258,710
New York,100-10,Actual,Mar,270,720
New York,100-10,Actual,Apr,284,730
New York,100-10,Actual,May,302,740
New York,100-10,Actual,Jun,356,750
New York,100-10,Actual,Jul,364,760
New York,100-10,Actual,Aug,364,770
New York,100-10,Actual,Sep,316,780
New York,100-10,Actual,Oct,260,790
New York,100-10,Actual,Nov,249,800
New York,100-10,Actual,Dec,279,810
New York,100-10,Budget,Jan,260,820
New York,100-10,Budget,Feb,240,830
New York,100-10,Budget,Mar,250,840
New York,100-10,Budget,Apr,270,850
New York,100-10,Budget,May,280,860
New York,100-10,Budget,Jun,340,870
New York,100-10,Budget,Jul,340,880
New York,100-10,Budget,Aug,340,890
New York,100-10,Budget,Sep,300,900
New York,100-10,Budget,Oct,210,910
New York,100-10,Budget,Nov,220,920
New York,100-10,Budget,Dec,250,930
New York,100-10,Variance,Jan,-11,-120
New York,100-10,Variance,Feb,-18,-120
New York,100-10,Variance,Mar,-20,-120
New York,100-10,Variance,Apr,-14,-120
New York,100-10,Variance,May,-22,-120
New York,100-10,Variance,Jun,-16,-120
New York,100-10,Variance,Jul,-24,-120
New York,100-10,Variance,Aug,-24,-120
New York,100-10,Variance,Sep,-16,-120
New York,100-10,Variance,Oct,-50,-120
New York,100-10,Variance,Nov,-29,-120
New York,100-10,Variance,Dec,-29,-120
New York,100-10,Variance %,Jan,-4,-15
New York,100-10,Variance %,Feb,-8,-14
New York,100-10,Variance %,Mar,-8,-14
New York,100-10,Variance %,Apr,-5,-14
New York,100-10,Variance %,May,-8,-14
New York,100-10,Variance %,Jun,-5,-14
New York,100-10,Variance %,Jul,-7,-14
New York,100-10,Variance %,Aug,-7,-13
New York,100-10,Variance %,Sep,-5,-13
New York,100-10,Variance %,Oct,-24,-13
New York,100-10,Variance %,Nov,-13,-13
New York,100-10,Variance %,Dec,-12,-13
New York,200-10,Actual,Jan,105,61
New York,200-10,Actual,Feb,121,61
New York,200-10,Actual,Mar,125,63
New York,200-10,Actual,Apr,125,66
New York,200-10,Actual,May,121,69
New York,200-10,Actual,Jun,144,72
New York,200-10,Actual,Jul,162,77
New York,200-10,Actual,Aug,173,78
New York,200-10,Actual,Sep,121,68
New York,200-10,Actual,Oct,125,69
New York,200-10,Actual,Nov,121,61
New York,200-10,Actual,Dec,135,66
New York,200-10,Budget,Jan,100,50
New York,200-10,Budget,Feb,110,50
New York,200-10,Budget,Mar,120,60
New York,200-10,Budget,Apr,120,60
New York,200-10,Budget,May,110,60
New York,200-10,Budget,Jun,130,70
New York,200-10,Budget,Jul,150,70
New York,200-10,Budget,Aug,160,70
New York,200-10,Budget,Sep,110,60
New York,200-10,Budget,Oct,110,50
New York,200-10,Budget,Nov,110,50
New York,200-10,Budget,Dec,130,60
New York,200-10,Variance,Jan,-5,11
New York,200-10,Variance,Feb,-11,11
New York,200-10,Variance,Mar,-5,3
New York,200-10,Variance,Apr,-5,6
New York,200-10,Variance,May,-11,9
New York,200-10,Variance,Jun,-14,2
New York,200-10,Variance,Jul,-12,7
New York,200-10,Variance,Aug,-13,8
New York,200-10,Variance,Sep,-11,8
New York,200-10,Variance,Oct,-15,19
New York,200-10,Variance,Nov,-11,11
New York,200-10,Variance,Dec,-5,6
New York,200-10,Variance %,Jan,-5,22
New York,200-10,Variance %,Feb,-10,22
New York,200-10,Variance %,Mar,-4,5
New York,200-10,Variance %,Apr,-4,10
New York,200-10,Variance %,May,-10,15
New York,200-10,Variance %,Jun,-11,3
New York,200-10,Variance %,Jul,-8,10
New York,200-10,Variance %,Aug,-8,11
New York,200-10,Variance %,Sep,-10,13
New York,200-10,Variance %,Oct,-14,38
New York,200-10,Variance %,Nov,-10,22
New York,200-10,Variance %,Dec,-4,10
New York,200-40,Actual,Jan,228,490
New York,200-40,Actual,Feb,228,580
New York,200-40,Actual,Mar,239,523
New York,200-40,Actual,Apr,239,564
New York,200-40,Actual,May,260,543
New York,200-40,Actual,Jun,260,675
New York,200-40,Actual,Jul,266,546
New York,200-40,Actual,Aug,266,543
New York,200-40,Actual,Sep,249,567
New York,200-40,Actual,Oct,239,765
New York,200-40,Actual,Nov,211,675
New York,200-40,Actual,Dec,250,657
New York,200-40,Budget,Jan,210,480
New York,200-40,Budget,Feb,210,560
New York,200-40,Budget,Mar,220,510
New York,200-40,Budget,Apr,220,550
New York,200-40,Budget,May,240,530
New York,200-40,Budget,Jun,240,660
New York,200-40,Budget,Jul,250,530
New York,200-40,Budget,Aug,250,530
New York,200-40,Budget,Sep,230,550
New York,200-40,Budget,Oct,210,720
New York,200-40,Budget,Nov,200,660
New York,200-40,Budget,Dec,240,640
New York,200-40,Variance,Jan,-18,10
New York,200-40,Variance,Feb,-18,20
New York,200-40,Variance,Mar,-19,13
New York,200-40,Variance,Apr,-19,14
New York,200-40,Variance,May,-20,13
New York,200-40,Variance,Jun,-20,15
New York,200-40,Variance,Jul,-16,16
New York,200-40,Variance,Aug,-16,13
New York,200-40,Variance,Sep,-19,17
New York,200-40,Variance,Oct,-29,45
New York,200-40,Variance,Nov,-11,15
New York,200-40,Variance,Dec,-10,17
New York,200-40,Variance %,Jan,-9,2
New York,200-40,Variance %,Feb,-9,4
New York,200-40,Variance %,Mar,-9,3
New York,200-40,Variance %,Apr,-9,3
New York,200-40,Variance %,May,-8,2
New York,200-40,Variance %,Jun,-8,2
New York,200-40,Variance %,Jul,-6,3
New York,200-40,Variance %,Aug,-6,2
New York,200-40,Variance %,Sep,-8,3
New York,200-40,Variance %,Oct,-14,6
New York,200-40,Variance %,Nov,-6,2
New York,200-40,Variance %,Dec,-4,3
New York,300-10,Actual,Jan,245,483
New York,300-10,Actual,Feb,240,495
New York,300-10,Actual,Mar,245,513
New York,300-10,Actual,Apr,260,638
New York,300-10,Actual,May,265,651
New York,300-10,Actual,Jun,271,669
New York,300-10,Actual,Jul,270,793
New York,300-10,Actual,Aug,284,653
New York,300-10,Actual,Sep,302,541
New York,300-10,Actual,Oct,255,513
New York,300-10,Actual,Nov,245,576
New York,300-10,Actual,Dec,294,747
New York,300-10,Budget,Jan,180,370
New York,300-10,Budget,Feb,180,380
New York,300-10,Budget,Mar,180,400
New York,300-10,Budget,Apr,190,490
New York,300-10,Budget,May,200,500
New York,300-10,Budget,Jun,200,520
New York,300-10,Budget,Jul,200,610
New York,300-10,Budget,Aug,210,500
New York,300-10,Budget,Sep,220,420
New York,300-10,Budget,Oct,140,290
New York,300-10,Budget,Nov,180,420
New York,300-10,Budget,Dec,220,540
New York,300-10,Variance,Jan,-65,113
New York,300-10,Variance,Feb,-60,115
New York,300-10,Variance,Mar,-65,113
New York,300-10,Variance,Apr,-70,148
New York,300-10,Variance,May,-65,151
New York,300-10,Variance,Jun,-71,149
New York,300-10,Variance,Jul,-70,183
New York,300-10,Variance,Aug,-74,153
New York,300-10,Variance,Sep,-82,121
New York,300-10,Variance,Oct,-115,223
New York,300-10,Variance,Nov,-65,156
New York,300-10,Variance,Dec,-74,207
New York,300-10,Variance %,Jan,-36,31
New York,300-10,Variance %,Feb,-33,30
New York,300-10,Variance %,Mar,-36,28
New York,300-10,Variance %,Apr,-37,30
New York,300-10,Variance %,May,-33,30
New York,300-10,Variance %,Jun,-36,29
New York,300-10,Variance %,Jul,-35,30
New York,300-10,Variance %,Aug,-35,31
New York,300-10,Variance %,Sep,-37,29
New York,300-10,Variance %,Oct,-82,77
New York,300-10,Variance %,Nov,-36,37
New York,300-10,Variance %,Dec,-34,38
New York,300-20,Actual,Jan,207,180
New York,300-20,Actual,Feb,213,180
New York,300-20,Actual,Mar,214,182
New York,300-20,Actual,Apr,209,189
New York,300-20,Actual,May,235,198
New York,300-20,Actual,Jun,244,198
New York,300-20,Actual,Jul,260,198
New York,300-20,Actual,Aug,311,124
New York,300-20,Actual,Sep,251,112
New York,300-20,Actual,Oct,239,164
New York,300-20,Actual,Nov,225,160
New York,300-20,Actual,Dec,241,148
New York,300-20,Budget,Jan,150,140
New York,300-20,Budget,Feb,160,140
New York,300-20,Budget,Mar,160,140
New York,300-20,Budget,Apr,150,140
New York,300-20,Budget,May,170,150
New York,300-20,Budget,Jun,180,150
New York,300-20,Budget,Jul,190,150
New York,300-20,Budget,Aug,230,90
New York,300-20,Budget,Sep,190,80
New York,300-20,Budget,Oct,130,80
New York,300-20,Budget,Nov,160,110
New York,300-20,Budget,Dec,180,100
New York,300-20,Variance,Jan,-57,40
New York,300-20,Variance,Feb,-53,40
New York,300-20,Variance,Mar,-54,42
New York,300-20,Variance,Apr,-59,49
New York,300-20,Variance,May,-65,48
New York,300-20,Variance,Jun,-64,48
New York,300-20,Variance,Jul,-70,48
New York,300-20,Variance,Aug,-81,34
New York,300-20,Variance,Sep,-61,32
New York,300-20,Variance,Oct,-109,84
New York,300-20,Variance,Nov,-65,50
New York,300-20,Variance,Dec,-61,48
New York,300-20,Variance %,Jan,-38,29
New York,300-20,Variance %,Feb,-33,29
New York,300-20,Variance %,Mar,-34,30
New York,300-20,Variance %,Apr,-39,35
New York,300-20,Variance %,May,-38,32
New York,300-20,Variance %,Jun,-36,32
New York,300-20,Variance %,Jul,-37,32
New York,300-20,Variance %,Aug,-35,38
New York,300-20,Variance %,Sep,-32,40
New York,300-20,Variance %,Oct,-84,105
New York,300-20,Variance %,Nov,-41,45
New York,300-20,Variance %,Dec,-34,48
New York,400-10,Actual,Jan,95,234
New York,400-10,Actual,Feb,95,232
New York,400-10,Actual,Mar,95,234
New York,400-10,Actual,Apr,100,245
New York,400-10,Actual,May,104,256
New York,400-10,Actual,Jun,123,301
New York,400-10,Actual,Jul,127,312
New York,400-10,Actual,Aug,132,323
New York,400-10,Actual,Sep,100,245
New York,400-10,Actual,Oct,108,265
New York,400-10,Actual,Nov,81,198
New York,400-10,Actual,Dec,86,210
New York,400-10,Budget,Jan,100,250
New York,400-10,Budget,Feb,100,250
New York,400-10,Budget,Mar,100,250
New York,400-10,Budget,Apr,100,260
New York,400-10,Budget,May,110,270
New York,400-10,Budget,Jun,130,320
New York,400-10,Budget,Jul,130,330
New York,400-10,Budget,Aug,130,340
New York,400-10,Budget,Sep,100,260
New York,400-10,Budget,Oct,110,280
New York,400-10,Budget,Nov,80,200
New York,400-10,Budget,Dec,90,210
New York,400-10,Variance,Jan,5,-16
New York,400-10,Variance,Feb,5,-18
New York,400-10,Variance,Mar,5,-16
New York,400-10,Variance,Apr,0,-15
New York,400-10,Variance,May,6,-14
New York,400-10,Variance,Jun,7,-19
New York,400-10,Variance,Jul,3,-18
New York,400-10,Variance,Aug,-2,-17
New York,400-10,Variance,Sep,0,-15
New York,400-10,Variance,Oct,2,-15
New York,400-10,Variance,Nov,-1,-2
New York,400-10,Variance,Dec,4,0
New York,400-10,Variance %,Jan,5,-6
New York,400-10,Variance %,Feb,5,-7
New York,400-10,Variance %,Mar,5,-6
New York,400-10,Variance %,Apr,0,-6
New York,400-10,Variance %,May,5,-5
New York,400-10,Variance %,Jun,5,-6
New York,400-10,Variance %,Jul,2,-5
New York,400-10,Variance %,Aug,-2,-5
New York,400-10,Variance %,Sep,0,-6
New York,400-10,Variance %,Oct,2,-5
New York,400-10,Variance %,Nov,-1,-1
New York,400-10,Variance %,Dec,4,0
New York,400-20,Actual,Jan,89,219
New York,400-20,Actual,Feb,99,243
New York,400-20,Actual,Mar,87,213
New York,400-20,Actual,Apr,91,223
New York,400-20,Actual,May,104,256
New York,400-20,Actual,Jun,113,276
New York,400-20,Actual,Jul,104,256
New York,400-20,Actual,Aug,123,301
New York,400-20,Actual,Sep,123,302
New York,400-20,Actual,Oct,123,302
New York,400-20,Actual,Nov,118,290
New York,400-20,Actual,Dec,123,302
New York,400-20,Budget,Jan,90,230
New York,400-20,Budget,Feb,100,260
New York,400-20,Budget,Mar,90,230
New York,400-20,Budget,Apr,90,240
New York,400-20,Budget,May,110,270
New York,400-20,Budget,Jun,110,290
New York,400-20,Budget,Jul,110,270
New York,400-20,Budget,Aug,130,320
New York,400-20,Budget,Sep,130,320
New York,400-20,Budget,Oct,130,320
New York,400-20,Budget,Nov,120,290
New York,400-20,Budget,Dec,120,310
New York,400-20,Variance,Jan,1,-11
New York,400-20,Variance,Feb,1,-17
New York,400-20,Variance,Mar,3,-17
New York,400-20,Variance,Apr,-1,-17
New York,400-20,Variance,May,6,-14
New York,400-20,Variance,Jun,-3,-14
New York,400-20,Variance,Jul,6,-14
New York,400-20,Variance,Aug,7,-19
New York,400-20,Variance,Sep,7,-18
New York,400-20,Variance,Oct,7,-18
New York,400-20,Variance,Nov,2,0
New York,400-20,Variance,Dec,-3,-8
New York,400-20,Variance %,Jan,1,-5
New York,400-20,Variance %,Feb,1,-7
New York,400-20,Variance %,Mar,3,-7
New York,400-20,Variance %,Apr,-1,-7
New York,400-20,Variance %,May,5,-5
New York,400-20,Variance %,Jun,-3,-5
New York,400-20,Variance %,Jul,5,-5
New York,400-20,Variance %,Aug,5,-6
New York,400-20,Variance %,Sep,5,-6
New York,400-20,Variance %,Oct,5,-6
New York,400-20,Variance %,Nov,2,0
New York,400-20,Variance %,Dec,-3,-3
New York,400-30,Actual,Jan,54,134
New York,400-30,Actual,Feb,77,189
New York,400-30,Actual,Mar,81,198
New York,400-30,Actual,Apr,81,198
New York,400-30,Actual,May,86,210
New York,400-30,Actual,Jun,94,230
New York,400-30,Actual,Jul,94,230
New York,400-30,Actual,Aug,100,245
New York,400-30,Actual,Sep,81,199
New York,400-30,Actual,Oct,76,187
New York,400-30,Actual,Nov,50,123
New York,400-30,Actual,Dec,54,133
New York,400-30,Budget,Jan,50,140
New York,400-30,Budget,Feb,80,200
New York,400-30,Budget,Mar,80,210
New York,400-30,Budget,Apr,80,210
New York,400-30,Budget,May,90,220
New York,400-30,Budget,Jun,90,240
New York,400-30,Budget,Jul,90,240
New York,400-30,Budget,Aug,100,260
New York,400-30,Budget,Sep,80,210
New York,400-30,Budget,Oct,80,200
New York,400-30,Budget,Nov,50,120
New York,400-30,Budget,Dec,50,130
New York,400-30,Variance,Jan,-4,-6
New York,400-30,Variance,Feb,3,-11
New York,400-30,Variance,Mar,-1,-12
New York,400-30,Variance,Apr,-1,-12
New York,400-30,Variance,May,4,-10
New York,400-30,Variance,Jun,-4,-10
New York,400-30,Variance,Jul,-4,-10
New York,400-30,Variance,Aug,0,-15
New York,400-30,Variance,Sep,-1,-11
New York,400-30,Variance,Oct,4,-13
New York,400-30,Variance,Nov,0,3
New York,400-30,Variance,Dec,-4,3
New York,400-30,Variance %,Jan,-8,-4
New York,400-30,Variance %,Feb,4,-6
New York,400-30,Variance %,Mar,-1,-6
New York,400-30,Variance %,Apr,-1,-6
New York,400-30,Variance %,May,4,-5
New York,400-30,Variance %,Jun,-4,-4
New York,400-30,Variance %,Jul,-4,-4
New York,400-30,Variance %,Aug,0,-6
New York,400-30,Variance %,Sep,-1,-5
New York,400-30,Variance %,Oct,5,-7
New York,400-30,Variance %,Nov,0,3
New York,400-30,Variance %,Dec,-8,2
Massachusetts,100-10,Actual,Jan,72,494
Massachusetts,100-10,Actual,Feb,75,470
Massachusetts,100-10,Actual,Mar,72,492
Massachusetts,100-10,Actual,Apr,68,519
Massachusetts,100-10,Actual,May,64,551
Massachusetts,100-10,Actual,Jun,54,649
Massachusetts,100-10,Actual,Jul,52,665
Massachusetts,100-10,Actual,Aug,52,664
Massachusetts,100-10,Actual,Sep,60,576
Massachusetts,100-10,Actual,Oct,72,474
Massachusetts,100-10,Actual,Nov,75,454
Massachusetts,100-10,Actual,Dec,67,510
Massachusetts,100-10,Budget,Jan,60,460
Massachusetts,100-10,Budget,Feb,70,440
Massachusetts,100-10,Budget,Mar,60,460
Massachusetts,100-10,Budget,Apr,60,490
Massachusetts,100-10,Budget,May,60,520
Massachusetts,100-10,Budget,Jun,50,610
Massachusetts,100-10,Budget,Jul,40,630
Massachusetts,100-10,Budget,Aug,40,630
Massachusetts,100-10,Budget,Sep,50,540
Massachusetts,100-10,Budget,Oct,50,400
Massachusetts,100-10,Budget,Nov,60,400
Massachusetts,100-10,Budget,Dec,60,450
Massachusetts,100-10,Variance,Jan,-12,34
Massachusetts,100-10,Variance,Feb,-5,30
Massachusetts,100-10,Variance,Mar,-12,32
Massachusetts,100-10,Variance,Apr,-8,29
Massachusetts,100-10,Variance,May,-4,31
Massachusetts,100-10,Variance,Jun,-4,39
Massachusetts,100-10,Variance,Jul,-12,35
Massachusetts,100-10,Variance,Aug,-12,34
Massachusetts,100-10,Variance,Sep,-10,36
Massachusetts,100-10,Variance,Oct,-22,74
Massachusetts,100-10,Variance,Nov,-15,54
Massachusetts,100-10,Variance,Dec,-7,60
Massachusetts,100-10,Variance %,Jan,-20,7
Massachusetts,100-10,Variance %,Feb,-7,7
Massachusetts,100-10,Variance %,Mar,-20,7
Massachusetts,100-10,Variance %,Apr,-13,6
Massachusetts,100-10,Variance %,May,-7,6
Massachusetts,100-10,Variance %,Jun,-8,6
Massachusetts,100-10,Variance %,Jul,-30,6
Massachusetts,100-10,Variance %,Aug,-30,5
Massachusetts,100-10,Variance %,Sep,-20,7
Massachusetts,100-10,Variance %,Oct,-44,19
Massachusetts,100-10,Variance %,Nov,-25,14
Massachusetts,100-10,Variance %,Dec,-12,13
Massachusetts,200-10,Actual,Jan,63,126
Massachusetts,200-10,Actual,Feb,54,128
Massachusetts,200-10,Actual,Mar,52,125
Massachusetts,200-10,Actual,Apr,52,117
Massachusetts,200-10,Actual,May,53,114
Massachusetts,200-10,Actual,Jun,44,111
Massachusetts,200-10,Actual,Jul,39,111
Massachusetts,200-10,Actual,Aug,37,105
Massachusetts,200-10,Actual,Sep,52,98
Massachusetts,200-10,Actual,Oct,51,116
Massachusetts,200-10,Actual,Nov,52,120
Massachusetts,200-10,Actual,Dec,47,99
Massachusetts,200-10,Budget,Jan,60,120
Massachusetts,200-10,Budget,Feb,50,120
Massachusetts,200-10,Budget,Mar,40,120
Massachusetts,200-10,Budget,Apr,40,110
Massachusetts,200-10,Budget,May,50,110
Massachusetts,200-10,Budget,Jun,40,100
Massachusetts,200-10,Budget,Jul,30,100
Massachusetts,200-10,Budget,Aug,30,100
Massachusetts,200-10,Budget,Sep,40,90
Massachusetts,200-10,Budget,Oct,30,100
Massachusetts,200-10,Budget,Nov,50,110
Massachusetts,200-10,Budget,Dec,40,90
Massachusetts,200-10,Variance,Jan,-3,6
Massachusetts,200-10,Variance,Feb,-4,8
Massachusetts,200-10,Variance,Mar,-12,5
Massachusetts,200-10,Variance,Apr,-12,7
Massachusetts,200-10,Variance,May,-3,4
Massachusetts,200-10,Variance,Jun,-4,11
Massachusetts,200-10,Variance,Jul,-9,11
Massachusetts,200-10,Variance,Aug,-7,5
Massachusetts,200-10,Variance,Sep,-12,8
Massachusetts,200-10,Variance,Oct,-21,16
Massachusetts,200-10,Variance,Nov,-2,10
Massachusetts,200-10,Variance,Dec,-7,9
Massachusetts,200-10,Variance %,Jan,-5,5
Massachusetts,200-10,Variance %,Feb,-8,7
Massachusetts,200-10,Variance %,Mar,-30,4
Massachusetts,200-10,Variance %,Apr,-30,6
Massachusetts,200-10,Variance %,May,-6,4
Massachusetts,200-10,Variance %,Jun,-10,11
Massachusetts,200-10,Variance %,Jul,-30,11
Massachusetts,200-10,Variance %,Aug,-23,5
Massachusetts,200-10,Variance %,Sep,-30,9
Massachusetts,200-10,Variance %,Oct,-70,16
Massachusetts,200-10,Variance %,Nov,-4,9
Massachusetts,200-10,Variance %,Dec,-18,10
Massachusetts,200-40,Actual,Jan,170,341
Massachusetts,200-40,Actual,Feb,170,340
Massachusetts,200-40,Actual,Mar,162,325
Massachusetts,200-40,Actual,Apr,162,325
Massachusetts,200-40,Actual,May,149,298
Massachusetts,200-40,Actual,Jun,149,298
Massachusetts,200-40,Actual,Jul,145,291
Massachusetts,200-40,Actual,Aug,145,291
Massachusetts,200-40,Actual,Sep,155,310
Massachusetts,200-40,Actual,Oct,161,322
Massachusetts,200-40,Actual,Nov,181,363
Massachusetts,200-40,Actual,Dec,153,306
Massachusetts,200-40,Budget,Jan,160,330
Massachusetts,200-40,Budget,Feb,160,330
Massachusetts,200-40,Budget,Mar,150,310
Massachusetts,200-40,Budget,Apr,150,310
Massachusetts,200-40,Budget,May,140,290
Massachusetts,200-40,Budget,Jun,140,290
Massachusetts,200-40,Budget,Jul,130,280
Massachusetts,200-40,Budget,Aug,130,280
Massachusetts,200-40,Budget,Sep,140,300
Massachusetts,200-40,Budget,Oct,140,300
Massachusetts,200-40,Budget,Nov,170,350
Massachusetts,200-40,Budget,Dec,150,290
Massachusetts,200-40,Variance,Jan,-10,11
Massachusetts,200-40,Variance,Feb,-10,10
Massachusetts,200-40,Variance,Mar,-12,15
Massachusetts,200-40,Variance,Apr,-12,15
Massachusetts,200-40,Variance,May,-9,8
Massachusetts,200-40,Variance,Jun,-9,8
Massachusetts,200-40,Variance,Jul,-15,11
Massachusetts,200-40,Variance,Aug,-15,11
Massachusetts,200-40,Variance,Sep,-15,10
Massachusetts,200-40,Variance,Oct,-21,22
Massachusetts,200-40,Variance,Nov,-11,13
Massachusetts,200-40,Variance,Dec,-3,16
Massachusetts,200-40,Variance %,Jan,-6,3
Massachusetts,200-40,Variance %,Feb,-6,3
Massachusetts,200-40,Variance %,Mar,-8,5
Massachusetts,200-40,Variance %,Apr,-8,5
Massachusetts,200-40,Variance %,May,-6,3
Massachusetts,200-40,Variance %,Jun,-6,3
Massachusetts,200-40,Variance %,Jul,-12,4
Massachusetts,200-40,Variance %,Aug,-12,4
Massachusetts,200-40,Variance %,Sep,-11,3
Massachusetts,200-40,Variance %,Oct,-15,7
Massachusetts,200-40,Variance %,Nov,-6,4
Massachusetts,200-40,Variance %,Dec,-2,6
Massachusetts,300-10,Actual,Jan,58,130
Massachusetts,300-10,Actual,Feb,59,132
Massachusetts,300-10,Actual,Mar,58,129
Massachusetts,300-10,Actual,Apr,54,121
Massachusetts,300-10,Actual,May,53,118
Massachusetts,300-10,Actual,Jun,51,115
Massachusetts,300-10,Actual,Jul,51,115
Massachusetts,300-10,Actual,Aug,49,109
Massachusetts,300-10,Actual,Sep,45,102
Massachusetts,300-10,Actual,Oct,54,120
Massachusetts,300-10,Actual,Nov,55,124
Massachusetts,300-10,Actual,Dec,46,103
Massachusetts,300-10,Budget,Jan,40,100
Massachusetts,300-10,Budget,Feb,40,100
Massachusetts,300-10,Budget,Mar,40,100
Massachusetts,300-10,Budget,Apr,40,90
Massachusetts,300-10,Budget,May,40,90
Massachusetts,300-10,Budget,Jun,30,80
Massachusetts,300-10,Budget,Jul,30,80
Massachusetts,300-10,Budget,Aug,30,80
Massachusetts,300-10,Budget,Sep,30,70
Massachusetts,300-10,Budget,Oct,30,60
Massachusetts,300-10,Budget,Nov,40,90
Massachusetts,300-10,Budget,Dec,30,70
Massachusetts,300-10,Variance,Jan,-18,30
Massachusetts,300-10,Variance,Feb,-19,32
Massachusetts,300-10,Variance,Mar,-18,29
Massachusetts,300-10,Variance,Apr,-14,31
Massachusetts,300-10,Variance,May,-13,28
Massachusetts,300-10,Variance,Jun,-21,35
Massachusetts,300-10,Variance,Jul,-21,35
Massachusetts,300-10,Variance,Aug,-19,29
Massachusetts,300-10,Variance,Sep,-15,32
Massachusetts,300-10,Variance,Oct,-24,60
Massachusetts,300-10,Variance,Nov,-15,34
Massachusetts,300-10,Variance,Dec,-16,33
Massachusetts,300-10,Variance %,Jan,-45,30
Massachusetts,300-10,Variance %,Feb,-48,32
Massachusetts,300-10,Variance %,Mar,-45,29
Massachusetts,300-10,Variance %,Apr,-35,34
Massachusetts,300-10,Variance %,May,-33,31
Massachusetts,300-10,Variance %,Jun,-70,44
Massachusetts,300-10,Variance %,Jul,-70,44
Massachusetts,300-10,Variance %,Aug,-63,36
Massachusetts,300-10,Variance %,Sep,-50,46
Massachusetts,300-10,Variance %,Oct,-80,100
Massachusetts,300-10,Variance %,Nov,-38,38
Massachusetts,300-10,Variance %,Dec,-53,47
Massachusetts,400-10,Actual,Jan,32,80
Massachusetts,400-10,Actual,Feb,32,80
Massachusetts,400-10,Actual,Mar,32,79
Massachusetts,400-10,Actual,Apr,30,75
Massachusetts,400-10,Actual,May,29,71
Massachusetts,400-10,Actual,Jun,24,60
Massachusetts,400-10,Actual,Jul,23,57
Massachusetts,400-10,Actual,Aug,22,55
Massachusetts,400-10,Actual,Sep,29,72
Massachusetts,400-10,Actual,Oct,27,66
Massachusetts,400-10,Actual,Nov,36,88
Massachusetts,400-10,Actual,Dec,33,82
Massachusetts,400-10,Budget,Jan,30,80
Massachusetts,400-10,Budget,Feb,30,80
Massachusetts,400-10,Budget,Mar,30,80
Massachusetts,400-10,Budget,Apr,30,80
Massachusetts,400-10,Budget,May,30,70
Massachusetts,400-10,Budget,Jun,20,60
Massachusetts,400-10,Budget,Jul,20,60
Massachusetts,400-10,Budget,Aug,20,50
Massachusetts,400-10,Budget,Sep,30,70
Massachusetts,400-10,Budget,Oct,20,70
Massachusetts,400-10,Budget,Nov,30,90
Massachusetts,400-10,Budget,Dec,30,80
Massachusetts,400-10,Variance,Jan,-2,0
Massachusetts,400-10,Variance,Feb,-2,0
Massachusetts,400-10,Variance,Mar,-2,-1
Massachusetts,400-10,Variance,Apr,0,-5
Massachusetts,400-10,Variance,May,1,1
Massachusetts,400-10,Variance,Jun,-4,0
Massachusetts,400-10,Variance,Jul,-3,-3
Massachusetts,400-10,Variance,Aug,-2,5
Massachusetts,400-10,Variance,Sep,1,2
Massachusetts,400-10,Variance,Oct,-7,-4
Massachusetts,400-10,Variance,Nov,-6,-2
Massachusetts,400-10,Variance,Dec,-3,2
Massachusetts,400-10,Variance %,Jan,-7,0
Massachusetts,400-10,Variance %,Feb,-7,0
Massachusetts,400-10,Variance %,Mar,-7,-1
Massachusetts,400-10,Variance %,Apr,0,-6
Massachusetts,400-10,Variance %,May,3,1
Massachusetts,400-10,Variance %,Jun,-20,0
Massachusetts,400-10,Variance %,Jul,-15,-5
Massachusetts,400-10,Variance %,Aug,-10,10
Massachusetts,400-10,Variance %,Sep,3,3
Massachusetts,400-10,Variance %,Oct,-35,-6
Massachusetts,400-10,Variance %,Nov,-20,-2
Massachusetts,400-10,Variance %,Dec,-10,3
Massachusetts,400-30,Actual,Jan,32,80
Massachusetts,400-30,Actual,Feb,22,56
Massachusetts,400-30,Actual,Mar,21,53
Massachusetts,400-30,Actual,Apr,21,53
Massachusetts,400-30,Actual,May,20,49
Massachusetts,400-30,Actual,Jun,18,44
Massachusetts,400-30,Actual,Jul,18,44
Massachusetts,400-30,Actual,Aug,16,41
Massachusetts,400-30,Actual,Sep,20,50
Massachusetts,400-30,Actual,Oct,21,53
Massachusetts,400-30,Actual,Nov,32,80
Massachusetts,400-30,Actual,Dec,29,73
Massachusetts,400-30,Budget,Jan,30,80
Massachusetts,400-30,Budget,Feb,20,60
Massachusetts,400-30,Budget,Mar,20,50
Massachusetts,400-30,Budget,Apr,20,50
Massachusetts,400-30,Budget,May,20,50
Massachusetts,400-30,Budget,Jun,10,40
Massachusetts,400-30,Budget,Jul,10,40
Massachusetts,400-30,Budget,Aug,10,40
Massachusetts,400-30,Budget,Sep,20,50
Massachusetts,400-30,Budget,Oct,20,50
Massachusetts,400-30,Budget,Nov,30,80
Massachusetts,400-30,Budget,Dec,30,70
Massachusetts,400-30,Variance,Jan,-2,0
Massachusetts,400-30,Variance,Feb,-2,-4
Massachusetts,400-30,Variance,Mar,-1,3
Massachusetts,400-30,Variance,Apr,-1,3
Massachusetts,400-30,Variance,May,0,-1
Massachusetts,400-30,Variance,Jun,-8,4
Massachusetts,400-30,Variance,Jul,-8,4
Massachusetts,400-30,Variance,Aug,-6,1
Massachusetts,400-30,Variance,Oct,-1,3
Massachusetts,400-30,Variance,Nov,-2,0
Massachusetts,400-30,Variance,Dec,1,3
Massachusetts,400-30,Variance %,Jan,-7,0
Massachusetts,400-30,Variance %,Feb,-10,-7
Massachusetts,400-30,Variance %,Mar,-5,6
Massachusetts,400-30,Variance %,Apr,-5,6
Massachusetts,400-30,Variance %,May,0,-2
Massachusetts,400-30,Variance %,Jun,-80,10
Massachusetts,400-30,Variance %,Jul,-80,10
Massachusetts,400-30,Variance %,Aug,-60,3
Massachusetts,400-30,Variance %,Oct,-5,6
Massachusetts,400-30,Variance %,Nov,-7,0
Massachusetts,400-30,Variance %,Dec,3,4
Florida,100-10,Actual,Jan,84,210
Florida,100-10,Actual,Feb,80,200
Florida,100-10,Actual,Mar,84,210
Florida,100-10,Actual,Apr,88,222
Florida,100-10,Actual,May,94,235
Florida,100-10,Actual,Jun,111,278
Florida,100-10,Actual,Jul,114,286
Florida,100-10,Actual,Aug,114,286
Florida,100-10,Actual,Sep,99,249
Florida,100-10,Actual,Oct,82,205
Florida,100-10,Actual,Nov,78,197
Florida,100-10,Actual,Dec,88,221
Florida,100-10,Budget,Jan,80,190
Florida,100-10,Budget,Feb,70,190
Florida,100-10,Budget,Mar,80,190
Florida,100-10,Budget,Apr,80,210
Florida,100-10,Budget,May,90,220
Florida,100-10,Budget,Jun,100,260
Florida,100-10,Budget,Jul,100,270
Florida,100-10,Budget,Aug,100,270
Florida,100-10,Budget,Sep,90,230
Florida,100-10,Budget,Oct,60,170
Florida,100-10,Budget,Nov,70,170
Florida,100-10,Budget,Dec,70,190
Florida,100-10,Variance,Jan,-4,20
Florida,100-10,Variance,Feb,-10,10
Florida,100-10,Variance,Mar,-4,20
Florida,100-10,Variance,Apr,-8,12
Florida,100-10,Variance,May,-4,15
Florida,100-10,Variance,Jun,-11,18
Florida,100-10,Variance,Jul,-14,16
Florida,100-10,Variance,Aug,-14,16
Florida,100-10,Variance,Sep,-9,19
Florida,100-10,Variance,Oct,-22,35
Florida,100-10,Variance,Nov,-8,27
Florida,100-10,Variance,Dec,-18,31
Florida,100-10,Variance %,Jan,-5,11
Florida,100-10,Variance %,Feb,-14,5
Florida,100-10,Variance %,Mar,-5,11
Florida,100-10,Variance %,Apr,-10,6
Florida,100-10,Variance %,May,-4,7
Florida,100-10,Variance %,Jun,-11,7
Florida,100-10,Variance %,Jul,-14,6
Florida,100-10,Variance %,Aug,-14,6
Florida,100-10,Variance %,Sep,-10,8
Florida,100-10,Variance %,Oct,-37,21
Florida,100-10,Variance %,Nov,-11,16
Florida,100-10,Variance %,Dec,-26,16
Florida,100-20,Actual,Jan,84,200
Florida,100-20,Actual,Feb,86,206
Florida,100-20,Actual,Mar,89,214
Florida,100-20,Actual,Apr,112,267
Florida,100-20,Actual,May,114,273
Florida,100-20,Actual,Jun,118,282
Florida,100-20,Actual,Jul,141,336
Florida,100-20,Actual,Aug,116,277
Florida,100-20,Actual,Sep,96,230
Florida,100-20,Actual,Oct,91,218
Florida,100-20,Actual,Nov,102,245
Florida,100-20,Actual,Dec,134,320
Florida,100-20,Budget,Jan,80,190
Florida,100-20,Budget,Feb,80,190
Florida,100-20,Budget,Mar,80,200
Florida,100-20,Budget,Apr,100,250
Florida,100-20,Budget,May,100,250
Florida,100-20,Budget,Jun,110,260
Florida,100-20,Budget,Jul,130,310
Florida,100-20,Budget,Aug,110,260
Florida,100-20,Budget,Sep,90,210
Florida,100-20,Budget,Oct,70,180
Florida,100-20,Budget,Nov,90,220
Florida,100-20,Budget,Dec,120,280
Florida,100-20,Variance,Jan,-4,10
Florida,100-20,Variance,Feb,-6,16
Florida,100-20,Variance,Mar,-9,14
Florida,100-20,Variance,Apr,-12,17
Florida,100-20,Variance,May,-14,23
Florida,100-20,Variance,Jun,-8,22
Florida,100-20,Variance,Jul,-11,26
Florida,100-20,Variance,Aug,-6,17
Florida,100-20,Variance,Sep,-6,20
Florida,100-20,Variance,Oct,-21,38
Florida,100-20,Variance,Nov,-12,25
Florida,100-20,Variance,Dec,-14,40
Florida,100-20,Variance %,Jan,-5,5
Florida,100-20,Variance %,Feb,-8,8
Florida,100-20,Variance %,Mar,-11,7
Florida,100-20,Variance %,Apr,-12,7
Florida,100-20,Variance %,May,-14,9
Florida,100-20,Variance %,Jun,-7,8
Florida,100-20,Variance %,Jul,-8,8
Florida,100-20,Variance %,Aug,-5,7
Florida,100-20,Variance %,Sep,-7,10
Florida,100-20,Variance %,Oct,-30,21
Florida,100-20,Variance %,Nov,-13,11
Florida,100-20,Variance %,Dec,-12,14
Florida,200-10,Actual,Jan,79,190
Florida,200-10,Actual,Feb,92,220
Florida,200-10,Actual,Mar,95,227
Florida,200-10,Actual,Apr,95,227
Florida,200-10,Actual,May,92,221
Florida,200-10,Actual,Jun,110,264
Florida,200-10,Actual,Jul,124,297
Florida,200-10,Actual,Aug,133,317
Florida,200-10,Actual,Sep,93,223
Florida,200-10,Actual,Oct,96,230
Florida,200-10,Actual,Nov,94,224
Florida,200-10,Actual,Dec,105,250
Florida,200-10,Budget,Jan,70,180
Florida,200-10,Budget,Feb,80,210
Florida,200-10,Budget,Mar,90,220
Florida,200-10,Budget,Apr,90,220
Florida,200-10,Budget,May,80,210
Florida,200-10,Budget,Jun,100,250
Florida,200-10,Budget,Jul,110,290
Florida,200-10,Budget,Aug,120,310
Florida,200-10,Budget,Sep,80,210
Florida,200-10,Budget,Oct,80,210
Florida,200-10,Budget,Nov,90,210
Florida,200-10,Budget,Dec,100,240
Florida,200-10,Variance,Jan,-9,10
Florida,200-10,Variance,Feb,-12,10
Florida,200-10,Variance,Mar,-5,7
Florida,200-10,Variance,Apr,-5,7
Florida,200-10,Variance,May,-12,11
Florida,200-10,Variance,Jun,-10,14
Florida,200-10,Variance,Jul,-14,7
Florida,200-10,Variance,Aug,-13,7
Florida,200-10,Variance,Sep,-13,13
Florida,200-10,Variance,Oct,-16,20
Florida,200-10,Variance,Nov,-4,14
Florida,200-10,Variance,Dec,-5,10
Florida,200-10,Variance %,Jan,-13,6
Florida,200-10,Variance %,Feb,-15,5
Florida,200-10,Variance %,Mar,-6,3
Florida,200-10,Variance %,Apr,-6,3
Florida,200-10,Variance %,May,-15,5
Florida,200-10,Variance %,Jun,-10,6
Florida,200-10,Variance %,Jul,-13,2
Florida,200-10,Variance %,Aug,-11,2
Florida,200-10,Variance %,Sep,-16,6
Florida,200-10,Variance %,Oct,-20,10
Florida,200-10,Variance %,Nov,-4,7
Florida,200-10,Variance %,Dec,-5,4
Florida,200-20,Actual,Jan,77,180
Florida,200-20,Actual,Feb,77,180
Florida,200-20,Actual,Mar,80,188
Florida,200-20,Actual,Apr,83,195
Florida,200-20,Actual,May,87,204
Florida,200-20,Actual,Jun,91,212
Florida,200-20,Actual,Jul,97,227
Florida,200-20,Actual,Aug,99,231
Florida,200-20,Actual,Sep,85,199
Florida,200-20,Actual,Oct,86,202
Florida,200-20,Actual,Nov,77,180
Florida,200-20,Actual,Dec,83,195
Florida,200-20,Budget,Jan,70,170
Florida,200-20,Budget,Feb,70,170
Florida,200-20,Budget,Mar,70,180
Florida,200-20,Budget,Apr,70,190
Florida,200-20,Budget,May,80,190
Florida,200-20,Budget,Jun,80,200
Florida,200-20,Budget,Jul,90,220
Florida,200-20,Budget,Aug,90,220
Florida,200-20,Budget,Sep,80,190
Florida,200-20,Budget,Oct,70,180
Florida,200-20,Budget,Nov,70,170
Florida,200-20,Budget,Dec,80,190
Florida,200-20,Variance,Jan,-7,10
Florida,200-20,Variance,Feb,-7,10
Florida,200-20,Variance,Mar,-10,8
Florida,200-20,Variance,Apr,-13,5
Florida,200-20,Variance,May,-7,14
Florida,200-20,Variance,Jun,-11,12
Florida,200-20,Variance,Jul,-7,7
Florida,200-20,Variance,Aug,-9,11
Florida,200-20,Variance,Sep,-5,9
Florida,200-20,Variance,Oct,-16,22
Florida,200-20,Variance,Nov,-7,10
Florida,200-20,Variance,Dec,-3,5
Florida,200-20,Variance %,Jan,-10,6
Florida,200-20,Variance %,Feb,-10,6
Florida,200-20,Variance %,Mar,-14,4
Florida,200-20,Variance %,Apr,-19,3
Florida,200-20,Variance %,May,-9,7
Florida,200-20,Variance %,Jun,-14,6
Florida,200-20,Variance %,Jul,-8,3
Florida,200-20,Variance %,Aug,-10,5
Florida,200-20,Variance %,Sep,-6,5
Florida,200-20,Variance %,Oct,-23,12
Florida,200-20,Variance %,Nov,-10,6
Florida,200-20,Variance %,Dec,-4,3
Florida,300-10,Actual,Jan,54,120
Florida,300-10,Actual,Feb,53,118
Florida,300-10,Actual,Mar,54,120
Florida,300-10,Actual,Apr,57,127
Florida,300-10,Actual,May,58,130
Florida,300-10,Actual,Jun,59,133
Florida,300-10,Actual,Jul,59,133
Florida,300-10,Actual,Aug,63,140
Florida,300-10,Actual,Sep,67,149
Florida,300-10,Actual,Oct,56,126
Florida,300-10,Actual,Nov,54,121
Florida,300-10,Actual,Dec,65,145
Florida,300-10,Budget,Jan,40,90
Florida,300-10,Budget,Feb,40,90
Florida,300-10,Budget,Mar,40,90
Florida,300-10,Budget,Apr,40,90
Florida,300-10,Budget,May,40,100
Florida,300-10,Budget,Jun,40,100
Florida,300-10,Budget,Jul,40,100
Florida,300-10,Budget,Aug,40,100
Florida,300-10,Budget,Sep,50,110
Florida,300-10,Budget,Oct,30,60
Florida,300-10,Budget,Nov,40,80
Florida,300-10,Budget,Dec,40,100
Florida,300-10,Variance,Jan,-14,30
Florida,300-10,Variance,Feb,-13,28
Florida,300-10,Variance,Mar,-14,30
Florida,300-10,Variance,Apr,-17,37
Florida,300-10,Variance,May,-18,30
Florida,300-10,Variance,Jun,-19,33
Florida,300-10,Variance,Jul,-19,33
Florida,300-10,Variance,Aug,-23,40
Florida,300-10,Variance,Sep,-17,39
Florida,300-10,Variance,Oct,-26,66
Florida,300-10,Variance,Nov,-14,41
Florida,300-10,Variance,Dec,-25,45
Florida,300-10,Variance %,Jan,-35,33
Florida,300-10,Variance %,Feb,-33,31
Florida,300-10,Variance %,Mar,-35,33
Florida,300-10,Variance %,Apr,-43,41
Florida,300-10,Variance %,May,-45,30
Florida,300-10,Variance %,Jun,-48,33
Florida,300-10,Variance %,Jul,-48,33
Florida,300-10,Variance %,Aug,-57,40
Florida,300-10,Variance %,Sep,-34,35
Florida,300-10,Variance %,Oct,-87,110
Florida,300-10,Variance %,Nov,-35,51
Florida,300-10,Variance %,Dec,-63,45
Florida,300-20,Actual,Jan,69,150
Florida,300-20,Actual,Feb,70,154
Florida,300-20,Actual,Mar,71,155
Florida,300-20,Actual,Apr,69,151
Florida,300-20,Actual,May,78,170
Florida,300-20,Actual,Jun,81,177
Florida,300-20,Actual,Jul,86,189
Florida,300-20,Actual,Aug,103,226
Florida,300-20,Actual,Sep,83,182
Florida,300-20,Actual,Oct,80,174
Florida,300-20,Actual,Nov,75,164
Florida,300-20,Actual,Dec,80,176
Florida,300-20,Budget,Jan,50,110
Florida,300-20,Budget,Feb,50,120
Florida,300-20,Budget,Mar,50,120
Florida,300-20,Budget,Apr,50,110
Florida,300-20,Budget,May,50,130
Florida,300-20,Budget,Jun,60,130
Florida,300-20,Budget,Jul,60,140
Florida,300-20,Budget,Aug,70,170
Florida,300-20,Budget,Sep,60,140
Florida,300-20,Budget,Oct,40,90
Florida,300-20,Budget,Nov,50,110
Florida,300-20,Budget,Dec,60,120
Florida,300-20,Variance,Jan,-19,40
Florida,300-20,Variance,Feb,-20,34
Florida,300-20,Variance,Mar,-21,35
Florida,300-20,Variance,Apr,-19,41
Florida,300-20,Variance,May,-28,40
Florida,300-20,Variance,Jun,-21,47
Florida,300-20,Variance,Jul,-26,49
Florida,300-20,Variance,Aug,-33,56
Florida,300-20,Variance,Sep,-23,42
Florida,300-20,Variance,Oct,-40,84
Florida,300-20,Variance,Nov,-25,54
Florida,300-20,Variance,Dec,-20,56
Florida,300-20,Variance %,Jan,-38,36
Florida,300-20,Variance %,Feb,-40,28
Florida,300-20,Variance %,Mar,-42,29
Florida,300-20,Variance %,Apr,-38,37
Florida,300-20,Variance %,May,-56,31
Florida,300-20,Variance %,Jun,-35,36
Florida,300-20,Variance %,Jul,-43,35
Florida,300-20,Variance %,Aug,-47,33
Florida,300-20,Variance %,Sep,-38,30
Florida,300-20,Variance %,Oct,-100,93
Florida,300-20,Variance %,Nov,-50,49
Florida,300-20,Variance %,Dec,-33,47
Florida,300-30,Actual,Jan,48,110
Florida,300-30,Actual,Feb,48,110
Florida,300-30,Actual,Mar,49,112
Florida,300-30,Actual,Apr,45,103
Florida,300-30,Actual,May,48,110
Florida,300-30,Actual,Jun,48,110
Florida,300-30,Actual,Jul,50,115
Florida,300-30,Actual,Aug,30,69
Florida,300-30,Actual,Sep,33,76
Florida,300-30,Actual,Oct,22,51
Florida,300-30,Actual,Nov,22,52
Florida,300-30,Actual,Dec,24,56
Florida,300-30,Budget,Jan,30,80
Florida,300-30,Budget,Feb,30,80
Florida,300-30,Budget,Mar,30,80
Florida,300-30,Budget,Apr,30,80
Florida,300-30,Budget,May,30,80
Florida,300-30,Budget,Jun,30,80
Florida,300-30,Budget,Jul,30,80
Florida,300-30,Budget,Aug,20,50
Florida,300-30,Budget,Sep,20,50
Florida,300-30,Budget,Oct,0,20
Florida,300-30,Budget,Nov,10,30
Florida,300-30,Budget,Dec,10,40
Florida,300-30,Variance,Jan,-18,30
Florida,300-30,Variance,Feb,-18,30
Florida,300-30,Variance,Mar,-19,32
Florida,300-30,Variance,Apr,-15,23
Florida,300-30,Variance,May,-18,30
Florida,300-30,Variance,Jun,-18,30
Florida,300-30,Variance,Jul,-20,35
Florida,300-30,Variance,Aug,-10,19
Florida,300-30,Variance,Sep,-13,26
Florida,300-30,Variance,Oct,-22,31
Florida,300-30,Variance,Nov,-12,22
Florida,300-30,Variance,Dec,-14,16
Florida,300-30,Variance %,Jan,-60,38
Florida,300-30,Variance %,Feb,-60,38
Florida,300-30,Variance %,Mar,-63,40
Florida,300-30,Variance %,Apr,-50,29
Florida,300-30,Variance %,May,-60,38
Florida,300-30,Variance %,Jun,-60,38
Florida,300-30,Variance %,Jul,-67,44
Florida,300-30,Variance %,Aug,-50,38
Florida,300-30,Variance %,Sep,-65,52
Florida,300-30,Variance %,Oct,,155
Florida,300-30,Variance %,Nov,-120,73
Florida,300-30,Variance %,Dec,-140,40
Florida,400-10,Actual,Jan,32,80
Florida,400-10,Actual,Feb,32,80
Florida,400-10,Actual,Mar,33,81
Florida,400-10,Actual,Apr,34,85
Florida,400-10,Actual,May,36,89
Florida,400-10,Actual,Jun,43,105
Florida,400-10,Actual,Jul,45,110
Florida,400-10,Actual,Aug,46,114
Florida,400-10,Actual,Sep,35,87
Florida,400-10,Actual,Oct,38,94
Florida,400-10,Actual,Nov,28,70
Florida,400-10,Actual,Dec,30,75
Florida,400-10,Budget,Jan,30,80
Florida,400-10,Budget,Feb,30,80
Florida,400-10,Budget,Mar,30,80
Florida,400-10,Budget,Apr,30,90
Florida,400-10,Budget,May,30,90
Florida,400-10,Budget,Jun,40,110
Florida,400-10,Budget,Jul,40,110
Florida,400-10,Budget,Aug,40,120
Florida,400-10,Budget,Sep,30,90
Florida,400-10,Budget,Oct,40,100
Florida,400-10,Budget,Nov,20,70
Florida,400-10,Budget,Dec,30,70
Florida,400-10,Variance,Jan,-2,0
Florida,400-10,Variance,Feb,-2,0
Florida,400-10,Variance,Mar,-3,1
Florida,400-10,Variance,Apr,-4,-5
Florida,400-10,Variance,May,-6,-1
Florida,400-10,Variance,Jun,-3,-5
Florida,400-10,Variance,Jul,-5,0
Florida,400-10,Variance,Aug,-6,-6
Florida,400-10,Variance,Sep,-5,-3
Florida,400-10,Variance,Oct,2,-6
Florida,400-10,Variance,Nov,-8,0
Florida,400-10,Variance,Dec,0,5
Florida,400-10,Variance %,Jan,-7,0
Florida,400-10,Variance %,Feb,-7,0
Florida,400-10,Variance %,Mar,-10,1
Florida,400-10,Variance %,Apr,-13,-6
Florida,400-10,Variance %,May,-20,-1
Florida,400-10,Variance %,Jun,-8,-5
Florida,400-10,Variance %,Jul,-13,0
Florida,400-10,Variance %,Aug,-15,-5
Florida,400-10,Variance %,Sep,-17,-3
Florida,400-10,Variance %,Oct,5,-6
Florida,400-10,Variance %,Nov,-40,0
Florida,400-10,Variance %,Dec,0,7
Florida,400-30,Actual,Jan,33,81
Florida,400-30,Actual,Feb,47,115
Florida,400-30,Actual,Mar,49,121
Florida,400-30,Actual,Apr,49,121
Florida,400-30,Actual,May,53,130
Florida,400-30,Actual,Jun,59,144
Florida,400-30,Actual,Jul,59,144
Florida,400-30,Actual,Aug,63,154
Florida,400-30,Actual,Sep,51,126
Florida,400-30,Actual,Oct,48,118
Florida,400-30,Actual,Nov,31,78
Florida,400-30,Actual,Dec,34,85
Florida,400-30,Budget,Jan,30,80
Florida,400-30,Budget,Feb,40,120
Florida,400-30,Budget,Mar,50,130
Florida,400-30,Budget,Apr,50,130
Florida,400-30,Budget,May,50,140
Florida,400-30,Budget,Jun,60,150
Florida,400-30,Budget,Jul,60,150
Florida,400-30,Budget,Aug,60,160
Florida,400-30,Budget,Sep,50,130
Florida,400-30,Budget,Oct,50,120
Florida,400-30,Budget,Nov,30,80
Florida,400-30,Budget,Dec,30,80
Florida,400-30,Variance,Jan,-3,1
Florida,400-30,Variance,Feb,-7,-5
Florida,400-30,Variance,Mar,1,-9
Florida,400-30,Variance,Apr,1,-9
Florida,400-30,Variance,May,-3,-10
Florida,400-30,Variance,Jun,1,-6
Florida,400-30,Variance,Jul,1,-6
Florida,400-30,Variance,Aug,-3,-6
Florida,400-30,Variance,Sep,-1,-4
Florida,400-30,Variance,Oct,2,-2
Florida,400-30,Variance,Nov,-1,-2
Florida,400-30,Variance,Dec,-4,5
Florida,400-30,Variance %,Jan,-10,1
Florida,400-30,Variance %,Feb,-18,-4
Florida,400-30,Variance %,Mar,2,-7
Florida,400-30,Variance %,Apr,2,-7
Florida,400-30,Variance %,May,-6,-7
Florida,400-30,Variance %,Jun,2,-4
Florida,400-30,Variance %,Jul,2,-4
Florida,400-30,Variance %,Aug,-5,-4
Florida,400-30,Variance %,Sep,-2,-3
Florida,400-30,Variance %,Oct,4,-2
Florida,400-30,Variance %,Nov,-3,-3
Florida,400-30,Variance %,Dec,-13,6
Florida,100-20,Actual,Jan,84,200
Florida,100-20,Actual,Feb,86,206
Florida,100-20,Actual,Mar,89,214
Florida,100-20,Actual,Apr,112,267
Florida,100-20,Actual,May,114,273
Florida,100-20,Actual,Jun,118,282
Florida,100-20,Actual,Jul,141,336
Florida,100-20,Actual,Aug,116,277
Florida,100-20,Actual,Sep,96,230
Florida,100-20,Actual,Oct,91,218
Florida,100-20,Actual,Nov,102,245
Florida,100-20,Actual,Dec,134,320
Florida,100-20,Budget,Jan,80,190
Florida,100-20,Budget,Feb,80,190
Florida,100-20,Budget,Mar,80,200
Florida,100-20,Budget,Apr,100,250
Florida,100-20,Budget,May,100,250
Florida,100-20,Budget,Jun,110,260
Florida,100-20,Budget,Jul,130,310
Florida,100-20,Budget,Aug,110,260
Florida,100-20,Budget,Sep,90,210
Florida,100-20,Budget,Oct,70,180
Florida,100-20,Budget,Nov,90,220
Florida,100-20,Budget,Dec,120,280
Florida,100-20,Variance,Jan,-4,10
Florida,100-20,Variance,Feb,-6,16
Florida,100-20,Variance,Mar,-9,14
Florida,100-20,Variance,Apr,-12,17
Florida,100-20,Variance,May,-14,23
Florida,100-20,Variance,Jun,-8,22
Florida,100-20,Variance,Jul,-11,26
Florida,100-20,Variance,Aug,-6,17
Florida,100-20,Variance,Sep,-6,20
Florida,100-20,Variance,Oct,-21,38
Florida,100-20,Variance,Nov,-12,25
Florida,100-20,Variance,Dec,-14,40
Florida,100-20,Variance %,Jan,-5,5
Florida,100-20,Variance %,Feb,-8,8
Florida,100-20,Variance %,Mar,-11,7
Florida,100-20,Variance %,Apr,-12,7
Florida,100-20,Variance %,May,-14,9
Florida,100-20,Variance %,Jun,-7,8
Florida,100-20,Variance %,Jul,-8,8
Florida,100-20,Variance %,Aug,-5,7
Florida,100-20,Variance %,Sep,-7,10
Florida,100-20,Variance %,Oct,-30,21
Florida,100-20,Variance %,Nov,-13,11
Florida,100-20,Variance %,Dec,-12,14
Florida,200-20,Actual,Jan,77,180
Florida,200-20,Actual,Feb,77,180
Florida,200-20,Actual,Mar,80,188
Florida,200-20,Actual,Apr,83,195
Florida,200-20,Actual,May,87,204
Florida,200-20,Actual,Jun,91,212
Florida,200-20,Actual,Jul,97,227
Florida,200-20,Actual,Aug,99,231
Florida,200-20,Actual,Sep,85,199
Florida,200-20,Actual,Oct,86,202
Florida,200-20,Actual,Nov,77,180
Florida,200-20,Actual,Dec,83,195
Florida,200-20,Budget,Jan,70,170
Florida,200-20,Budget,Feb,70,170
Florida,200-20,Budget,Mar,70,180
Florida,200-20,Budget,Apr,70,190
Florida,200-20,Budget,May,80,190
Florida,200-20,Budget,Jun,80,200
Florida,200-20,Budget,Jul,90,220
Florida,200-20,Budget,Aug,90,220
Florida,200-20,Budget,Sep,80,190
Florida,200-20,Budget,Oct,70,180
Florida,200-20,Budget,Nov,70,170
Florida,200-20,Budget,Dec,80,190
Florida,200-20,Variance,Jan,-7,10
Florida,200-20,Variance,Feb,-7,10
Florida,200-20,Variance,Mar,-10,8
Florida,200-20,Variance,Apr,-13,5
Florida,200-20,Variance,May,-7,14
Florida,200-20,Variance,Jun,-11,12
Florida,200-20,Variance,Jul,-7,7
Florida,200-20,Variance,Aug,-9,11
Florida,200-20,Variance,Sep,-5,9
Florida,200-20,Variance,Oct,-16,22
Florida,200-20,Variance,Nov,-7,10
Florida,200-20,Variance,Dec,-3,5
Florida,200-20,Variance %,Jan,-10,6
Florida,200-20,Variance %,Feb,-10,6
Florida,200-20,Variance %,Mar,-14,4
Florida,200-20,Variance %,Apr,-19,3
Florida,200-20,Variance %,May,-9,7
Florida,200-20,Variance %,Jun,-14,6
Florida,200-20,Variance %,Jul,-8,3
Florida,200-20,Variance %,Aug,-10,5
Florida,200-20,Variance %,Sep,-6,5
Florida,200-20,Variance %,Oct,-23,12
Florida,200-20,Variance %,Nov,-10,6
Florida,200-20,Variance %,Dec,-4,3
Florida,300-30,Variance %,Dec,-4,3
