Parent,Account,Default Alias,Operation,Data Storage,Two Pass Calculation,Account Type,Time Balance,Skip Value,Data Type,Exchange Rate Type,Use 445,Variance Reporting,Source Plan Type,Aggregation,Member Formula
Account,Statistics,,Update,Never Share,,,,,,,,,,,
Statistics,Website Statsistics,Web Stats,Update,Never Share,,Saved Assumption,Average,None,Non-currency,none,,,Consol,~,
Website Statsistics,Max Hits Per Day,,Update,Never Share,,Saved Assumption,Average,None,Non-currency,none,,,Consol,~,
Website Statsistics,Avg Hits Per Day,,Update,Never Share,,Saved Assumption,Average,None,Non-currency,none,,,Consol,~,
Website Statsistics,Min Hits Per Day,,Update,Never Share,,Saved Assumption,Average,None,Non-currency,none,,,Consol,~,
Website Statsistics,Min Views Per Day,,Update,Never Share,,Saved Assumption,Average,None,Non-currency,none,,,Consol,~,
Website Statsistics,Avg Views Per Day,,Update,Never Share,,Saved Assumption,Average,None,Non-currency,none,,,Consol,~,
Website Statsistics,Min Views Per Day,,Update,Never Share,,Saved Assumption,Average,None,Non-currency,none,,,Consol,~,
Website Statsistics,Min Hits Per Day,,Update,Never Share,,Saved Assumption,Average,None,Non-currency,none,,,Consol,~,
