Account,Data Load Cube Name,POV,IPOD304,MP3,BB,BAS,PCD,Top Segment,Bottom Segment
Max Hits Per Day,Consol,"USD,E01_0 ,Jan,Current,Working,FY07",1100000,1090000,1080000,1070000,1060000,IPOD304,BAS
Avg Hits Per Day,Consol,"USD,E01_0 ,Jan,Current,Working,FY07",700000,690000,680000,670000,660000,IPOD304,BAS
Min Hits Per Day,Consol,"USD,E01_0 ,Jan,Current,Working,FY07",450000,440000,430000,420000,410000,IPOD304,BAS
Max Hits Per Day,Consol,"USD,E03_0 ,Jan,Current,Working,FY07",700000,690000,680000,670000,660000,MP3,PCD
Avg Hits Per Day,Consol,"USD,E03_0 ,Jan,Current,Working,FY07",400000,390000,380000,370000,360000,MP3,PCD
Min Hits Per Day,Consol,"USD,E03_0 ,Jan,Current,Working,FY07",200000,190000,180000,170000,160000,MP3,PCD
Avg Views Per Day,Consol,"USD,E01_0 ,Jan,Current,Working,FY07",200000,190000,180000,170000,160000,IPOD304,BAS
Min Views Per Day,Consol,"USD,E01_0 ,Jan,Current,Working,FY07",100000,90000,80000,70000,60000,IPOD304,BAS
Max Views Per Day,Consol,"USD,E01_0 ,Jan,Current,Working,FY07",300000,290000,280000,270000,260000,IPOD304,BAS
Avg Views Per Day,Consol,"USD,E03_0 ,Jan,Current,Working,FY07",100000,90000,80000,70000,60000,MP3,PCD
Min Views Per Day,Consol,"USD,E03_0 ,Jan,Current,Working,FY07",50000,40000,30000,20000,10000,MP3,PCD
Max Views Per Day,Consol,"USD,E03_0 ,Jan,Current,Working,FY07",150000,140000,130000,120000,110000,MP3,PCD
Max Hits Per Day,Consol,"USD,E01_0 ,feb,Current,Working,FY07",1100000,1090000,1080000,1070000,1060000,IPOD304,BAS
Avg Hits Per Day,Consol,"USD,E01_0 ,feb,Current,Working,FY07",700000,690000,680000,670000,660000,IPOD304,BAS
Min Hits Per Day,Consol,"USD,E01_0 ,feb,Current,Working,FY07",450000,440000,430000,420000,410000,IPOD304,BAS
Max Hits Per Day,Consol,"USD,E03_0 ,feb,Current,Working,FY07",700000,690000,680000,670000,660000,MP3,PCD
Avg Hits Per Day,Consol,"USD,E03_0 ,feb,Current,Working,FY07",400000,390000,380000,370000,360000,MP3,PCD
Min Hits Per Day,Consol,"USD,E03_0 ,feb,Current,Working,FY07",200000,190000,180000,170000,160000,MP3,PCD
Avg Views Per Day,Consol,"USD,E01_0 ,feb,Current,Working,FY07",200000,190000,180000,170000,160000,IPOD304,BAS
Min Views Per Day,Consol,"USD,E01_0 ,feb,Current,Working,FY07",100000,90000,80000,70000,60000,IPOD304,BAS
Max Views Per Day,Consol,"USD,E01_0 ,feb,Current,Working,FY07",300000,290000,280000,270000,260000,IPOD304,BAS
Avg Views Per Day,Consol,"USD,E03_0 ,feb,Current,Working,FY07",100000,90000,80000,70000,60000,MP3,PCD
Min Views Per Day,Consol,"USD,E03_0 ,feb,Current,Working,FY07",50000,40000,30000,20000,10000,MP3,PCD
Max Views Per Day,Consol,"USD,E03_0 ,feb,Current,Working,FY07",150000,140000,130000,120000,110000,MP3,PCD
Max Hits Per Day,Consol,"USD,E01_0 ,mar,Current,Working,FY07",1100000,1090000,1080000,1070000,1060000,IPOD304,BAS
Avg Hits Per Day,Consol,"USD,E01_0 ,mar,Current,Working,FY07",700000,690000,680000,670000,660000,IPOD304,BAS
Min Hits Per Day,Consol,"USD,E01_0 ,mar,Current,Working,FY07",450000,440000,430000,420000,410000,IPOD304,BAS
Max Hits Per Day,Consol,"USD,E03_0 ,mar,Current,Working,FY07",700000,690000,680000,670000,660000,MP3,PCD
Avg Hits Per Day,Consol,"USD,E03_0 ,mar,Current,Working,FY07",400000,390000,380000,370000,360000,MP3,PCD
Min Hits Per Day,Consol,"USD,E03_0 ,mar,Current,Working,FY07",200000,190000,180000,170000,160000,MP3,PCD
Avg Views Per Day,Consol,"USD,E01_0 ,mar,Current,Working,FY07",200000,190000,180000,170000,160000,IPOD304,BAS
Min Views Per Day,Consol,"USD,E01_0 ,mar,Current,Working,FY07",100000,90000,80000,70000,60000,IPOD304,BAS
Max Views Per Day,Consol,"USD,E01_0 ,mar,Current,Working,FY07",300000,290000,280000,270000,260000,IPOD304,BAS
Avg Views Per Day,Consol,"USD,E03_0 ,mar,Current,Working,FY07",100000,90000,80000,70000,60000,MP3,PCD
Min Views Per Day,Consol,"USD,E03_0 ,mar,Current,Working,FY07",50000,40000,30000,20000,10000,MP3,PCD
Max Views Per Day,Consol,"USD,E03_0 ,mar,Current,Working,FY07",150000,140000,130000,120000,110000,MP3,PCD
Max Hits Per Day,Consol,"USD,E01_0 ,Dec,Current,Working,FY07",1100000,1090000,1080000,1070000,1060000,IPOD304,BAS
Avg Hits Per Day,Consol,"USD,E01_0 ,Dec,Current,Working,FY07",700000,690000,680000,670000,660000,IPOD304,BAS
Min Hits Per Day,Consol,"USD,E01_0 ,Dec,Current,Working,FY07",450000,440000,430000,420000,410000,IPOD304,BAS
Max Hits Per Day,Consol,"USD,E03_0 ,Dec,Current,Working,FY07",700000,690000,680000,670000,660000,MP3,PCD
Avg Hits Per Day,Consol,"USD,E03_0 ,Dec,Current,Working,FY07",400000,390000,380000,370000,360000,MP3,PCD
Min Hits Per Day,Consol,"USD,E03_0 ,Dec,Current,Working,FY07",200000,190000,180000,170000,160000,MP3,PCD
Avg Views Per Day,Consol,"USD,E01_0 ,Dec,Current,Working,FY07",200000,190000,180000,170000,160000,IPOD304,BAS
Min Views Per Day,Consol,"USD,E01_0 ,Dec,Current,Working,FY07",100000,90000,80000,70000,60000,IPOD304,BAS
Max Views Per Day,Consol,"USD,E01_0 ,Dec,Current,Working,FY07",300000,290000,280000,270000,260000,IPOD304,BAS
Avg Views Per Day,Consol,"USD,E03_0 ,Dec,Current,Working,FY07",100000,90000,80000,70000,60000,MP3,PCD
Min Views Per Day,Consol,"USD,E03_0 ,Dec,Current,Working,FY07",50000,40000,30000,20000,10000,MP3,PCD
Max Views Per Day,Consol,"USD,E03_0 ,Dec,Current,Working,FY07",150000,140000,130000,120000,110000,MP3,PCD
