Parent,Account,Default Alias,Data Storage,Aggregation,Data Type,Smart Lists
Segments,Total,,,+,,
Total,AllSegments,All Segments,,+,,
AllSegments,Seg01,Electronics,,+,,
Seg01,AS,Audio Systems,,+,,
AS,HA,Home Audio,,+,,
HA,BAS,Bookshelf Audio System,,+,,
HA,HTAS,Home Theatre Audio System,,+,,
AS,AG,Audio on the Go,,+,,
AG,IPOD304,Personal Audio,,+,,
AG,BB,Boom Box,,+,,
AG,PCD,Personal CD Player,,+,,
AG,MP3,MP3 Player,,+,,
Segments,Top / Bottom,,Never Share,~,,
Top / Bottom,Top Segment,Most website views,Never Share,~,Smart List,Top_Segments
Top / Bottom,Bottom Segment,Least website views,Never Share,~,Smart List,Top_Segments
